名前,タイプ,分類,威力,PP,説明,接触,音,パンチ,牙,波動
はたく,ノーマル,ぶつり,40,35,長いしっぽや手などを使って相手をはたいて攻撃する。,〇,,,,
からてチョップ,かくとう,ぶつり,50,25,鋭いチョップで相手をたたいて攻撃する。急所に当たりやすい。,〇,,,,
おうふくビンタ,ノーマル,ぶつり,15,10,おうふくビンタで相手をたたいて攻撃する。２ー５回のあいだ連続でだす。,〇,,,,
れんぞくパンチ,ノーマル,ぶつり,18,15,どとうのパンチで相手をなぐりつけて攻撃する。２ー５回のあいだ連続でだす。,〇,,〇,,
メガトンパンチ,ノーマル,ぶつり,80,20,力をこめたパンチで相手を攻撃する。,〇,,〇,,
ネコにこばん,ノーマル,ぶつり,40,20,相手の体に小判を投げつけて攻撃する。戦闘のあとでお金がもらえる。,,,,,
ほのおのパンチ,ほのお,ぶつり,75,15,炎をこめたパンチで相手を攻撃する。やけど状態にすることがある。,〇,,〇,,
れいとうパンチ,こおり,ぶつり,75,15,冷気をこめたパンチで相手を攻撃する。こおり状態にすることがある。,〇,,〇,,
かみなりパンチ,でんき,ぶつり,75,15,電撃をこめたパンチで相手を攻撃する。まひ状態にすることがある。,〇,,〇,,
ひっかく,ノーマル,ぶつり,40,35,硬くとがった鋭いツメで相手をひっかいて攻撃する。,〇,,,,
はさむ,ノーマル,ぶつり,55,30,相手を両側からはさんでダメージをあたえる。,〇,,,,
ハサミギロチン,ノーマル,ぶつり,,5,大きなハサミで相手を切り裂いて攻撃する。当たれば一撃でひんしにする。,〇,,,,
かまいたち,ノーマル,とくしゅ,80,10,風の刃をつくり２ターン目に相手を攻撃する。急所に当たりやすい。,,,,,
つるぎのまい,ノーマル,へんか,,20,戦いの舞を激しくおどって気合を高める。自分の攻撃をぐーんとあげる。,,,,,
いあいぎり,ノーマル,ぶつり,50,30,カマやツメなどで相手を切りつけて攻撃する。細い木も切ることができる。,〇,,,,
かぜおこし,ひこう,とくしゅ,40,35,翼でおこした激しい風を相手にぶつけて攻撃する。,,,,,
つばさでうつ,ひこう,ぶつり,60,35,大きくひろげたりっぱな翼を相手にぶつけて攻撃する。,〇,,,,
ふきとばし,ノーマル,へんか,,20,相手を吹きとばして控えのポケモンをひきずりだす。野生の場合は戦闘が終わる。,,,,,
そらをとぶ,ひこう,ぶつり,90,15,１ターン目で空へ飛び２ターン目に相手を攻撃する。知っている街に飛ぶこともできる。,〇,,,,
しめつける,ノーマル,ぶつり,15,20,長い体やつるなどを使い４ー５ターンのあいだ相手を締めつけて攻撃する。,〇,,,,
たたきつける,ノーマル,ぶつり,80,20,長いしっぽやつるなどを使い相手をたたきつけて攻撃する。,〇,,,,
つるのムチ,くさ,ぶつり,45,25,ムチのようにしなる細長いつるで相手をたたきつけて攻撃する。,〇,,,,
ふみつけ,ノーマル,ぶつり,65,20,大きな足で相手を踏みつけて攻撃する。相手をひるませることがある。,〇,,,,
にどげり,かくとう,ぶつり,30,30,２本の足で相手をけとばして攻撃する。２回連続でダメージを与える。,〇,,,,
メガトンキック,ノーマル,ぶつり,120,5,ものすごい力をこめたキックで相手をけとばして攻撃する。,〇,,,,
とびげり,かくとう,ぶつり,100,10,高いジャンプからのキックで相手を攻撃する。はずすと自分がダメージを受ける。,〇,,,,
まわしげり,かくとう,ぶつり,60,15,体を素早く回転させながらけとばして攻撃する。相手をひるませることがある。,〇,,,,
すなかけ,じめん,へんか,,15,相手の顔に砂をかけて命中率をさげる。,,,,,
ずつき,ノーマル,ぶつり,70,15,頭を突きだしてまっすぐつっこんで攻撃する。相手をひるませることがある。,〇,,,,
つのでつく,ノーマル,ぶつり,65,25,鋭くとがったつので相手を攻撃する。,〇,,,,
みだれづき,ノーマル,ぶつり,15,20,つのやくちばしで相手をつついて攻撃する。２ー５回のあいだ連続でだす。,〇,,,,
つのドリル,ノーマル,ぶつり,,5,回転するつのを相手に突き刺して攻撃する。当たれば一撃でひんしにする。,〇,,,,
たいあたり,ノーマル,ぶつり,40,35,相手にむかって全身でぶつかっていき攻撃する。,〇,,,,
のしかかり,ノーマル,ぶつり,85,15,全身で相手にのしかかり攻撃する。まひ状態にすることがある。,〇,,,,
まきつく,ノーマル,ぶつり,15,20,長い体やつるなどをつかって４ー５ターンのあいだ相手にまきついて攻撃する。,〇,,,,
とっしん,ノーマル,ぶつり,90,20,すごい勢いで相手にぶつかって攻撃する。自分も少しダメージを受ける。,〇,,,,
あばれる,ノーマル,ぶつり,120,10,２ー３ターンのあいだ暴れまくって相手を攻撃する。暴れたあとは混乱する。,〇,,,,
すてみタックル,ノーマル,ぶつり,120,15,命を懸けて相手に突進して攻撃する。自分もかなりダメージを受ける。,〇,,,,
しっぽをふる,ノーマル,へんか,,30,しっぽを左右にかわいくふって油断を誘う。相手の防御をさげる。,,,,,
どくばり,どく,ぶつり,15,35,毒のあるハリを相手に突き刺して攻撃する。毒状態にすることがある。,,,,,
ダブルニードル,むし,ぶつり,25,20,２本のハリを相手に突き刺し２回連続でダメージ。毒状態にすることがある。,,,,,
ミサイルばり,むし,ぶつり,25,20,鋭いハリを相手に発射して攻撃する。２ー５回のあいだ連続でだす。,,,,,
にらみつける,ノーマル,へんか,,30,鋭い目つきでおびえさせて相手の防御をさげる。,,,,,
かみつく,あく,ぶつり,60,25,鋭くとがった歯でかみついて攻撃する。相手をひるませることがある。,〇,,,〇,
なきごえ,ノーマル,へんか,,40,かわいいなきごえを聞かせて気をひき油断をさせて相手の攻撃をさげる。,,〇,,,
ほえる,ノーマル,へんか,,20,相手を逃がして控えのポケモンをひきずりだす。野生の場合は戦闘が終わる。,,〇,,,
うたう,ノーマル,へんか,,15,心地好いきれいな歌声を聞かせて相手を眠り状態にする。,,〇,,,
ちょうおんぱ,ノーマル,へんか,,20,特殊な音波を体から発して相手を混乱させる。,,〇,,,
ソニックブーム,ノーマル,とくしゅ,,20,衝撃波を相手にぶつけて攻撃する。２０のダメージを決まって与える。,,,,,
かなしばり,ノーマル,へんか,,20,相手の動きをとめて直前にだしていた技を４ターンのあいだ使えなくする。,,,,,
ようかいえき,どく,とくしゅ,40,30,強い酸を相手にかけて攻撃する。相手の特防をさげることがある。,,,,,
ひのこ,ほのお,とくしゅ,40,25,小さな炎を相手に発射して攻撃する。やけど状態にすることがある。,,,,,
かえんほうしゃ,ほのお,とくしゅ,90,15,激しい炎を相手に発射して攻撃する。やけど状態にすることがある。,,,,,
しろいきり,こおり,へんか,,30,白い霧で体をおおう。５ターンのあいだ相手に能力をさげられなくなる。,,,,,
みずでっぽう,みず,とくしゅ,40,25,水を勢いよく相手に発射して攻撃する。,,,,,
ハイドロポンプ,みず,とくしゅ,110,5,大量の水を激しい勢いで相手に発射して攻撃する。,,,,,
なみのり,みず,とくしゅ,90,15,大きな波で自分の周りにいるものを攻撃する。,,,,,
れいとうビーム,こおり,とくしゅ,90,10,凍えるビームを相手に発射して攻撃する。こおり状態にすることがある。,,,,,
ふぶき,こおり,とくしゅ,110,5,激しい吹雪を相手に吹きつけて攻撃する。こおり状態にすることがある。,,,,,
サイケこうせん,エスパー,とくしゅ,65,20,不思議な光線を相手に発射して攻撃する。混乱させることがある。,,,,,
バブルこうせん,みず,とくしゅ,65,20,泡を勢いよく相手に発射して攻撃する。素早さをさげることがある。,,,,,
オーロラビーム,こおり,とくしゅ,65,20,にじいろのビームを相手に発射して攻撃する。攻撃をさげることがある。,,,,,
はかいこうせん,ノーマル,とくしゅ,150,5,強い光線を相手に発射して攻撃する。次のターンは動けなくなる。,,,,,
つつく,ひこう,ぶつり,35,35,鋭くとがったくちばしやつので相手を突いて攻撃する。,〇,,,,
ドリルくちばし,ひこう,ぶつり,80,20,回転しながらとがったくちばしを相手に突き刺して攻撃する。,〇,,,,
じごくぐるま,かくとう,ぶつり,80,20,地面に自分ごと相手を投げつけて攻撃する。自分も少しダメージを受ける。,〇,,,,
けたぐり,かくとう,ぶつり,,20,足を強くけり相手を転ばせて攻撃する。相手が重いほど威力があがる。,〇,,,,
カウンター,かくとう,ぶつり,,20,相手から受けた物理攻撃のダメージを２倍にして同じ相手に返す。,〇,,,,
ちきゅうなげ,かくとう,ぶつり,,20,引力を使い投げとばす。自分のレベルと同じダメージを相手に与える。,〇,,,,
かいりき,ノーマル,ぶつり,80,15,こん身の力で相手をなぐりつけて攻撃する。重たい岩を押すこともできる。,〇,,,,
すいとる,くさ,とくしゅ,20,25,養分を吸い取り攻撃する。相手に与えたダメージの半分のＨＰを回復できる。,,,,,
メガドレイン,くさ,とくしゅ,40,15,養分を吸い取り攻撃する。相手に与えたダメージの半分のＨＰを回復できる。,,,,,
やどりぎのタネ,くさ,へんか,,10,植えつけた相手のＨＰを毎ターン少しだけ吸い取り自分のＨＰを回復する。,,,,,
せいちょう,ノーマル,へんか,,20,体を一気に大きく生長させて攻撃と特攻をあげる。,,,,,
はっぱカッター,くさ,ぶつり,55,25,はっぱをとばして相手を切りつけて攻撃する。急所に当たりやすい。,,,,,
ソーラービーム,くさ,とくしゅ,120,10,１ターン目に光をいっぱいに集め２ターン目に光の束を発射して攻撃する。,,,,,
どくのこな,どく,へんか,,35,毒のある粉をたくさんふりまいて相手を毒状態にする。,,,,,
しびれごな,くさ,へんか,,30,しびれる粉をたくさんふりまいて相手をまひ状態にする。,,,,,
ねむりごな,くさ,へんか,,15,眠くなる粉をたくさんふりまいて相手を眠り状態にする。,,,,,
はなびらのまい,くさ,とくしゅ,120,10,２ー３ターンのあいだ花をまきちらして相手を攻撃する。まきちらしたあとは混乱する。,〇,,,,
いとをはく,むし,へんか,,40,口から吹きだした糸をまきつけて相手の素早さをがくっとさげる。,,,,,
りゅうのいかり,ドラゴン,とくしゅ,,10,怒りの衝撃波を相手にぶつけて攻撃する。４０のダメージを決まって与える。,,,,,
ほのおのうず,ほのお,とくしゅ,35,15,激しく渦をまく炎の中に４ー５ターンのあいだ相手を閉じこめて攻撃する。,,,,,
でんきショック,でんき,とくしゅ,40,30,電気の刺激を相手に浴びせて攻撃する。まひ状態にすることがある。,,,,,
１０まんボルト,でんき,とくしゅ,90,15,強い電撃を相手に浴びせて攻撃する。まひ状態にすることがある。,,,,,
でんじは,でんき,へんか,,20,弱い電撃を浴びせることで相手をまひ状態にする。,,,,,
かみなり,でんき,とくしゅ,110,10,激しい雷を相手に落として攻撃する。まひ状態にすることがある。,,,,,
いわおとし,いわ,ぶつり,50,15,小さな岩を持ちあげて相手に投げつけて攻撃する。,,,,,
じしん,じめん,ぶつり,100,10,地震の衝撃で自分の周りにいるものを攻撃する。,,,,,
じわれ,じめん,ぶつり,,5,地割れの裂け目に相手を落として攻撃する。当たれば一撃でひんしにする。,,,,,
あなをほる,じめん,ぶつり,80,10,１ターン目に潜り２ターン目で相手を攻撃する。洞窟からの脱出もできる。,〇,,,,
どくどく,どく,へんか,,10,相手を猛毒の状態にする。ターンがすすむほど毒のダメージが増えていく。,,,,,
ねんりき,エスパー,とくしゅ,50,25,弱い念力を相手に送って攻撃する。相手を混乱させることがある。,,,,,
サイコキネシス,エスパー,とくしゅ,90,10,強い念力を相手に送って攻撃する。相手の特防をさげることがある。,,,,,
さいみんじゅつ,エスパー,へんか,,20,眠気を誘う暗示をかけて相手を眠り状態にする。,,,,,
ヨガのポーズ,エスパー,へんか,,40,眠っている力を体の奥からひきだして自分の攻撃をあげる。,,,,,
こうそくいどう,エスパー,へんか,,30,力をぬいて体を軽くして高速で動く。自分の素早さをぐーんとあげる。,,,,,
でんこうせっか,ノーマル,ぶつり,40,30,目にも留まらぬものすごい速さで相手につっこむ。必ず先制攻撃できる。,〇,,,,
いかり,ノーマル,ぶつり,20,20,技をだしたときに攻撃を受けると怒りの力で攻撃があがる。,〇,,,,
テレポート,エスパー,へんか,,20,野生ポケモンとの戦闘をやめる。最後にはいったポケセンのある街にも行ける。,,,,,
ナイトヘッド,ゴースト,とくしゅ,,15,恐ろしい幻をみせて自分のレベルと同じだけのダメージを相手に与える。,,,,,
ものまね,ノーマル,へんか,,10,相手が最後に使った技を戦闘のあいだ自分の技にすることができる。,,,,,
いやなおと,ノーマル,へんか,,40,おもわず耳をふさぎたくなるいやなおとをだして相手の防御をがくっとさげる。,,〇,,,
かげぶんしん,ノーマル,へんか,,15,素早い動きで分身をつくり相手をまどわせて回避率をあげる。,,,,,
じこさいせい,ノーマル,へんか,,5,細胞を再生させて自分の最大ＨＰの半分のＨＰを回復する。,,,,,
かたくなる,ノーマル,へんか,,30,全身に力をこめて体を硬くして自分の防御をあげる。,,,,,
ちいさくなる,ノーマル,へんか,,10,体をちぢめて小さくみせて自分の回避率をぐーんとあげる。,,,,,
えんまく,ノーマル,へんか,,20,煙や墨などを吹きかけて相手の命中率をさげる。,,,,,
あやしいひかり,ゴースト,へんか,,10,怪しい光を相手にみせてまどわせる。相手を混乱させる。,,,,,
からにこもる,みず,へんか,,40,殻に潜りこんで身を守り自分の防御をあげる。,,,,,
まるくなる,ノーマル,へんか,,40,体をまるめてちぢこまり自分の防御をあげる。,,,,,
バリアー,エスパー,へんか,,20,頑丈な壁をつくって自分の防御をぐーんとあげる。,,,,,
ひかりのかべ,エスパー,へんか,,30,５ターンのあいだ不思議なかべで相手から受ける特殊攻撃のダメージを弱める。,,,,,
くろいきり,こおり,へんか,,30,黒い霧をだして戦闘にでているポケモン全員の能力変化をもとにもどす。,,,,,
リフレクター,エスパー,へんか,,20,５ターンのあいだ不思議なかべで相手から受ける物理攻撃のダメージを弱める。,,,,,
きあいだめ,ノーマル,へんか,,30,深く息を吸い気合をこめる。自分の攻撃が急所に当たりやすくなる。,,,,,
がまん,ノーマル,ぶつり,,10,２ターンのあいだ攻撃にたえて受けたダメージを２倍にして相手に返す。,〇,,,,
ゆびをふる,ノーマル,へんか,,10,指をふり自分の脳を刺激してすべての技のなかからどれか１つをくりだす。,,,,,
オウムがえし,ひこう,へんか,,20,相手の使った技をまねして自分も同じ技を使う。,,,,,
じばく,ノーマル,ぶつり,200,5,爆発をおこして自分の周りにいるものを攻撃する。使ったあとにひんしになる。,,,,,
タマゴばくだん,ノーマル,ぶつり,100,10,大きなタマゴを力いっぱい相手に投げつけて攻撃する。,,,,,
したでなめる,ゴースト,ぶつり,30,30,長い舌で相手をなめまわして攻撃する。まひ状態にすることがある。,〇,,,,
スモッグ,どく,とくしゅ,30,20,汚れたガスを相手に吹きつけて攻撃する。毒状態にすることがある。,,,,,
ヘドロこうげき,どく,とくしゅ,65,20,汚いヘドロを相手に投げつけて攻撃する。毒状態にすることがある。,,,,,
ホネこんぼう,じめん,ぶつり,65,20,手に持ったホネで相手をなぐりつけて攻撃する。相手をひるませることがある。,,,,,
だいもんじ,ほのお,とくしゅ,110,5,大の字の炎で相手を焼きつくす。やけど状態にすることがある。,,,,,
たきのぼり,みず,ぶつり,80,15,すごい勢いで相手につっこむ。相手をひるませることがある。滝も泳いでのぼれる。,〇,,,,
からではさむ,みず,ぶつり,35,15,とても頑丈なぶあつい殻に４ー５ターンのあいだ相手をはさんで攻撃する。,〇,,,,
スピードスター,ノーマル,とくしゅ,60,20,星型の光を発射して相手を攻撃する。攻撃は必ず命中する。,,,,,
ロケットずつき,ノーマル,ぶつり,130,10,１ターン目に頭をひっこめて防御をあげる。２ターン目に相手を攻撃する。,〇,,,,
とげキャノン,ノーマル,ぶつり,20,15,鋭いハリを相手に発射して攻撃する。２ー５回のあいだ連続でだす。,,,,,
からみつく,ノーマル,ぶつり,10,35,触手やツタなどをからみつけて攻撃する。相手の素早さをさげることがある。,〇,,,,
ドわすれ,エスパー,へんか,,20,頭をからにして一瞬なにかを忘れることで自分の特防をぐーんとあげる。,,,,,
スプーンまげ,エスパー,へんか,,15,スプーンをまげて注意をひき相手の命中率をさげる。,,,,,
タマゴうみ,ノーマル,へんか,,5,最大ＨＰの半分自分のＨＰを回復する。仲間にＨＰをわけることもできる。,,,,,
とびひざげり,かくとう,ぶつり,130,10,ジャンプからのひざげりで相手を攻撃する。はずすと自分がダメージを受ける。,〇,,,,
へびにらみ,ノーマル,へんか,,30,おなかの模様でおびえさせて相手をまひの状態にする。,,,,,
ゆめくい,エスパー,とくしゅ,100,15,寝ている相手の夢を食べて攻撃する。ダメージの半分のＨＰを回復する。,,,,,
どくガス,どく,へんか,,40,毒ガスを相手の顔に吹きかけて毒の状態にする。,,,,,
たまなげ,ノーマル,ぶつり,15,20,まるいものを相手に投げつけて攻撃する。２ー５回のあいだ連続でだす。,,,,,
きゅうけつ,むし,ぶつり,80,10,血を吸い取って相手を攻撃する。与えたダメージの半分のＨＰを回復できる。,〇,,,,
あくまのキッス,ノーマル,へんか,,10,恐ろしい顔でキスをせまる。相手を眠り状態にする。,,,,,
ゴッドバード,ひこう,ぶつり,140,5,２ターン目に相手を攻撃する。たまにひるませる。急所にも当たりやすい。,,,,,
へんしん,ノーマル,へんか,,10,相手のポケモンに変身することで相手とまったく同じ技が使える。,,,,,
あわ,みず,とくしゅ,40,30,無数の泡を相手に吹きかけて攻撃する。相手の素早さをさげることがある。,,,,,
ピヨピヨパンチ,ノーマル,ぶつり,70,10,リズミカルにパンチをくりだして相手を攻撃する。混乱させることがある。,〇,,〇,,
キノコのほうし,くさ,へんか,,15,催眠効果のある胞子をパラパラとふりまき相手を眠り状態にする。,,,,,
フラッシュ,ノーマル,へんか,,20,まぶしい光で相手の命中率をさげる。,,,,,
サイコウェーブ,エスパー,とくしゅ,,15,不思議な念波を相手に発射して攻撃する。使うたびにダメージが変わる。,,,,,
はねる,ノーマル,へんか,,40,攻撃もせずにピョンピョンと跳ねるだけでなにもおこらない……。,,,,,
とける,どく,へんか,,20,細胞の変化で液状になり自分の防御をぐーんとあげる。,,,,,
クラブハンマー,みず,ぶつり,100,10,大きなハサミを相手にたたきつけて攻撃する。急所に当たりやすい。,〇,,,,
だいばくはつ,ノーマル,ぶつり,250,5,大きな爆発で自分の周りにいるものを攻撃する。使ったあとにひんしになる。,,,,,
みだれひっかき,ノーマル,ぶつり,18,15,ツメやカマなどで相手をひっかいて攻撃する。２ー５回のあいだ連続でだす。,〇,,,,
ホネブーメラン,じめん,ぶつり,50,10,手に持ったホネを相手に投げつけ行きと帰りの２回連続でダメージを与える。,,,,,
ねむる,エスパー,へんか,,5,２ターンのあいだ眠り続ける。自分のＨＰと状態異常をすべて回復する。,,,,,
いわなだれ,いわ,ぶつり,75,10,大きな岩を激しくぶつけて攻撃する。相手をひるませることがある。,,,,,
ひっさつまえば,ノーマル,ぶつり,80,15,鋭い前歯で強くかみついて攻撃する。相手をひるませることがある。,〇,,,〇,
かくばる,ノーマル,へんか,,30,体のかどを増やしてカクカクになることで自分の攻撃をあげる。,,,,,
テクスチャー,ノーマル,へんか,,30,自分のタイプをおぼえている技で一番上の技と同じタイプにする。,,,,,
トライアタック,ノーマル,とくしゅ,80,10,３つの光線で攻撃する。まひかやけどかこおり状態のどれかにすることがある。,,,,,
いかりのまえば,ノーマル,ぶつり,,10,鋭い前歯で激しくかみついて攻撃する。相手のＨＰは半分になる。,〇,,,〇,
きりさく,ノーマル,ぶつり,70,20,ツメやカマなどで相手を切り裂いて攻撃する。急所に当たりやすい。,〇,,,,
みがわり,ノーマル,へんか,,10,自分のＨＰを少し削って分身をだす。分身は自分の身代わりになる。,,,,,
わるあがき,ノーマル,ぶつり,50,1,自分のＰＰがなくなるとあがいて相手を攻撃する。自分も少しダメージを受ける。,〇,,,,
スケッチ,ノーマル,へんか,,1,相手が使った技を自分のものにする。１回使うとスケッチは消える。,,,,,
トリプルキック,かくとう,ぶつり,10,10,３回連続でキックをくりだして攻撃する。技が当たるたびに威力はあがる。,〇,,,,
どろぼう,あく,ぶつり,60,25,攻撃と同時に道具を盗む。自分が道具を持っている場合は盗めない。,〇,,,,
クモのす,むし,へんか,,10,ネバネバした細い糸をグルグルとからませて相手を戦闘から逃げられなくする。,,,,,
こころのめ,ノーマル,へんか,,5,相手の動きを心で感じて次の攻撃が必ず相手に当たるようにする。,,,,,
あくむ,ゴースト,へんか,,15,眠り状態の相手に悪夢をみせて毎ターン少しずつＨＰを減らしていく。,,,,,
かえんぐるま,ほのお,ぶつり,60,25,炎をまとい相手に突進して攻撃する。やけど状態にすることがある。,〇,,,,
いびき,ノーマル,とくしゅ,50,15,自分が寝ているときに雑音をだして攻撃する。相手をひるませることがある。,,〇,,,
のろい,ゴースト,へんか,,10,使うポケモンがゴーストタイプとそれ以外とでは効果が変わる。,,,,,
じたばた,ノーマル,ぶつり,,15,じたばた暴れて攻撃する。自分のＨＰが少ないほど技の威力はあがる。,〇,,,,
テクスチャー２,ノーマル,へんか,,30,相手が最後に使った技に抵抗できるように自分のタイプを変化させる。,,,,,
エアロブラスト,ひこう,とくしゅ,100,5,空気の渦を発射して攻撃する。急所に当たりやすい。,,,,,
わたほうし,くさ,へんか,,40,綿のようなフワフワの胞子をまとわりつかせて相手の素早さをがくっとさげる。,,,,,
きしかいせい,かくとう,ぶつり,,15,力をふりしぼり攻撃する。自分のＨＰが少ないほど技の威力はあがる。,〇,,,,
うらみ,ゴースト,へんか,,10,相手が最後に使った技に恨みを抱いてその技のＰＰを４だけ減らす。,,,,,
こなゆき,こおり,とくしゅ,40,25,冷たい粉雪を相手に吹きつけて攻撃する。こおり状態にすることがある。,,,,,
まもる,ノーマル,へんか,,10,相手の攻撃をまったく受けない。連続でだすと失敗しやすい。,,,,,
マッハパンチ,かくとう,ぶつり,40,30,目にも留まらぬものすごい速さでパンチをくりだす。必ず先制攻撃できる。,〇,,〇,,
こわいかお,ノーマル,へんか,,10,恐ろしい顔でにらみおびえさせて相手の素早さをがくっとさげる。,,,,,
だましうち,あく,ぶつり,60,20,さりげなく相手にちかづき油断したすきをみてなぐりつける。攻撃は必ず命中する。,〇,,,,
てんしのキッス,フェアリー,へんか,,10,天使のようにかわいくキスして相手を混乱させる。,,,,,
はらだいこ,ノーマル,へんか,,10,自分のＨＰを最大ＨＰの半分減らして自分の攻撃を最大にあげる。,,,,,
ヘドロばくだん,どく,とくしゅ,90,10,汚いヘドロを相手に投げつけて攻撃する。毒状態にすることがある。,,,,,
どろかけ,じめん,とくしゅ,20,10,相手の顔などに泥を投げつけて攻撃する。命中率をさげる。,,,,,
オクタンほう,みず,とくしゅ,65,10,相手の顔などに墨を吹きかけて攻撃する。命中率をさげることがある。,,,,,
まきびし,じめん,へんか,,20,相手の足下にまきびしをしかける。交代ででてきた相手のポケモンにダメージを与える。,,,,,
でんじほう,でんき,とくしゅ,120,5,大砲のような電気を発射して攻撃する。相手をまひの状態にする。,,,,,
みやぶる,ノーマル,へんか,,40,ゴーストタイプに効果がない技や回避率の高い相手に攻撃が当たるようになる。,,,,,
みちづれ,ゴースト,へんか,,5,技をだしたあと攻撃を受けてひんしになったとき攻撃相手もひんしにする。,,,,,
ほろびのうた,ノーマル,へんか,,5,歌を聴いたポケモンは３ターンたつとひんしになる。交代すると効果はなくなる。,,〇,,,
こごえるかぜ,こおり,とくしゅ,55,15,凍てつく冷気を相手に吹きつけて攻撃する。相手の素早さをさげる。,,,,,
みきり,かくとう,へんか,,5,相手の攻撃をまったく受けない。連続でだすと失敗しやすい。,,,,,
ボーンラッシュ,じめん,ぶつり,25,10,硬いホネで相手をなぐりつけて攻撃する。２ー５回のあいだ連続でだす。,,,,,
ロックオン,ノーマル,へんか,,5,照準をしっかりあわせて次の攻撃が必ず相手に当たるようにする。,,,,,
げきりん,ドラゴン,ぶつり,120,10,２ー３ターンのあいだ暴れまくって攻撃する。暴れたあとは混乱する。,〇,,,,
すなあらし,いわ,へんか,,10,５ターンのあいだ砂あらしでいわじめんはがねタイプ以外のポケモンにダメージを与える。,,,,,
ギガドレイン,くさ,とくしゅ,75,10,養分を吸い取り攻撃する。与えたダメージの半分のＨＰを回復できる。,,,,,
こらえる,ノーマル,へんか,,10,攻撃を受けてもＨＰを必ず１だけ残せる。連続でだすと失敗しやすい。,,,,,
あまえる,フェアリー,へんか,,20,かわいくみつめて油断を誘い相手の攻撃をがくっとさげる。,,,,,
ころがる,いわ,ぶつり,30,20,５ターンのあいだ転がり続けて攻撃する。技が当たるたびに威力があがる。,〇,,,,
みねうち,ノーマル,ぶつり,40,40,相手のＨＰが必ず１だけ残るように手加減して攻撃する。,〇,,,,
いばる,ノーマル,へんか,,15,相手を怒らせて混乱させる。怒りで相手の攻撃はぐーんとあがってしまう。,,,,,
ミルクのみ,ノーマル,へんか,,5,最大ＨＰの半分自分のＨＰを回復する。仲間にＨＰをわけることもできる。,,,,,
スパーク,でんき,ぶつり,65,20,電気をまとい相手に突進して攻撃する。まひ状態にすることがある。,〇,,,,
れんぞくぎり,むし,ぶつり,40,20,カマやツメなどで相手を切りつけて攻撃する。連続で当てると威力があがる。,〇,,,,
はがねのつばさ,はがね,ぶつり,70,25,硬い翼を相手にたたきつけて攻撃する。自分の防御があがることがある。,〇,,,,
くろいまなざし,ノーマル,へんか,,5,吸いこまれるような黒いまなざしでじっとみつめて相手を戦闘から逃げられなくする。,,,,,
メロメロ,ノーマル,へんか,,15,♂なら♀を♀なら♂を誘惑してメロメロにする。相手は技がだしにくくなる。,,,,,
ねごと,ノーマル,へんか,,10,自分がおぼえている技のうちどれか１つをくりだす。自分が寝ているときだけ使える。,,,,,
いやしのすず,ノーマル,へんか,,5,心地好い鈴の音色を聞かせて味方全員の状態異常を回復する。,,〇,,,
おんがえし,ノーマル,ぶつり,,20,トレーナーのために全力で相手を攻撃する。なついているほど威力はあがる。,〇,,,,
プレゼント,ノーマル,ぶつり,,15,わなをしかけた箱を相手にわたして攻撃する。ＨＰが回復してしまうこともある。,,,,,
やつあたり,ノーマル,ぶつり,,20,不満をはらすため全力で相手を攻撃する。なついていないほど威力はあがる。,〇,,,,
しんぴのまもり,ノーマル,へんか,,25,５ターンのあいだ不思議な力に守られて状態異常にならなくなる。,,,,,
いたみわけ,ノーマル,へんか,,20,自分のＨＰと相手のＨＰをあわせてそれを自分と相手でなかよくわける。,,,,,
せいなるほのお,ほのお,ぶつり,100,5,神秘の炎で相手を焼きつくして攻撃する。やけど状態にすることがある。,,,,,
マグニチュード,じめん,ぶつり,,30,地面を揺らして自分の周りにいるものを攻撃する。技の威力はいろいろ変わる。,,,,,
ばくれつパンチ,かくとう,ぶつり,100,5,こん身の力でパンチをくりだして攻撃する。相手を必ず混乱させる。,〇,,〇,,
メガホーン,むし,ぶつり,120,10,硬くてりっぱなつのでおもいっきり相手を突き刺して攻撃する。,〇,,,,
りゅうのいぶき,ドラゴン,とくしゅ,60,20,ものすごい息を相手に吹きつけて攻撃する。まひ状態にすることがある。,,,,,
バトンタッチ,ノーマル,へんか,,40,控えのポケモンと入れ替わる。能力変化は替わったポケモンがそのまま受けつぐ。,,,,,
アンコール,ノーマル,へんか,,5,相手が最後に使った技を３ターンのあいだずっとださせる。,,,,,
おいうち,あく,ぶつり,40,20,相手ポケモンが入れ替わるときに技をだしていると倍の威力で攻撃できる。,〇,,,,
こうそくスピン,ノーマル,ぶつり,50,40,回転して相手を攻撃する。しめつけるまきつくやどりぎのタネまきびしなども吹きとばせる。,〇,,,,
あまいかおり,ノーマル,へんか,,20,香りで相手の回避率をがくっとさげる。草むらなどで使うとポケモンがよってくる。,,,,,
アイアンテール,はがね,ぶつり,100,15,硬いしっぽで相手をたたきつけて攻撃する。相手の防御をさげることがある。,〇,,,,
メタルクロー,はがね,ぶつり,50,35,鋼鉄のツメで相手を切り裂いて攻撃する。自分の攻撃があがることがある。,〇,,,,
あてみなげ,かくとう,ぶつり,70,10,相手よりあとに攻撃する。そのかわり自分の攻撃は必ず命中する。,〇,,,,
あさのひざし,ノーマル,へんか,,5,自分のＨＰを回復する。天気によって回復の量が変化する。,,,,,
こうごうせい,くさ,へんか,,5,自分のＨＰを回復する。天気によって回復の量が変化する。,,,,,
つきのひかり,フェアリー,へんか,,5,自分のＨＰを回復する。天気によって回復の量が変化する。,,,,,
めざめるパワー,ノーマル,とくしゅ,60,15,技を使ったポケモンによって技のタイプが変わる。,,,,,
クロスチョップ,かくとう,ぶつり,100,5,両手チョップを相手にたたきつけて攻撃する。急所に当たりやすい。,〇,,,,
たつまき,ドラゴン,とくしゅ,40,20,竜巻をおこして相手をまきこみ攻撃する。相手をひるませることがある。,,,,,
あまごい,みず,へんか,,5,５ターンのあいだ雨を降らせてみずタイプの技の威力をあげる。,,,,,
にほんばれ,ほのお,へんか,,5,５ターンのあいだ日差しを強くしてほのおタイプの技の威力をあげる。,,,,,
かみくだく,あく,ぶつり,80,15,鋭い歯で相手をかみくだいて攻撃する。相手の防御をさげることがある。,〇,,,〇,
ミラーコート,エスパー,とくしゅ,,20,相手から受けた特殊攻撃のダメージを２倍にしてその相手に返す。,,,,,
じこあんじ,ノーマル,へんか,,10,自分に暗示をかけることで能力変化の状態を相手と同じにする。,,,,,
しんそく,ノーマル,ぶつり,80,5,目にも留まらぬものすごい速さで相手に突進して攻撃する。必ず先制攻撃できる。,〇,,,,
げんしのちから,いわ,とくしゅ,60,5,原始の力で攻撃する。自分のすべての能力があがることがある。,,,,,
シャドーボール,ゴースト,とくしゅ,80,15,黒い影の塊を投げつけて攻撃する。相手の特防をさげることがある。,,,,,
みらいよち,エスパー,とくしゅ,120,10,技を使った２ターン後に相手に念力の塊を送って攻撃する。,,,,,
いわくだき,かくとう,ぶつり,40,15,パンチで攻撃する。相手の防御をさげることがある。岩を砕くこともある。,〇,,,,
うずしお,みず,とくしゅ,35,15,激しく渦をまく水の中に４ー５ターンのあいだ相手を閉じこめて攻撃する。,,,,,
ふくろだたき,あく,ぶつり,,10,味方全員で攻撃する。仲間のポケモンが多いほど技の攻撃回数が増える。,,,,,
ねこだまし,ノーマル,ぶつり,40,10,先制攻撃で相手をひるませる。戦闘にでたらすぐにださないと成功しない。,〇,,,,
さわぐ,ノーマル,とくしゅ,90,10,３ターンのあいだ騒いで相手を攻撃する。そのあいだはだれも眠れなくなる。,,〇,,,
たくわえる,ノーマル,へんか,,20,力を蓄えて自分の防御と特防をあげる。最大３回まで蓄えられる。,,,,,
はきだす,ノーマル,とくしゅ,,10,蓄えた力を相手にぶつけて攻撃する。蓄えているほど威力があがる。,,,,,
のみこむ,ノーマル,へんか,,10,蓄えた力をのみこんで自分のＨＰを回復する。蓄えているほど回復する。,,,,,
ねっぷう,ほのお,とくしゅ,95,10,熱い息を相手に吹きつけて攻撃する。やけど状態にすることがある。,,,,,
あられ,こおり,へんか,,10,５ターンのあいだあられを降らしてこおりタイプでないポケモン全員にダメージを与える。,,,,,
いちゃもん,あく,へんか,,15,相手にいちゃもんをつけて同じ技を２回連続でだせなくする。,,,,,
おだてる,あく,へんか,,15,相手をおだてて混乱させる。同時に相手の特攻もあげてしまう。,,,,,
おにび,ほのお,へんか,,15,不気味で怪しい炎を放って相手をやけどの状態にする。,,,,,
おきみやげ,あく,へんか,,10,自分はひんしになるがそのかわりに相手の攻撃と特攻をがくっとさげる。,,,,,
からげんき,ノーマル,ぶつり,70,20,自分が毒まひやけど状態のとき相手にくりだすと技の威力が２倍になる。,〇,,,,
きあいパンチ,かくとう,ぶつり,150,20,精神を高めてパンチをくりだす。技をだすまでに攻撃を受けると失敗する。,〇,,〇,,
きつけ,ノーマル,ぶつり,70,10,まひ状態の相手には威力が２倍になるがかわりに相手のまひが治る。,〇,,,,
このゆびとまれ,ノーマル,へんか,,20,自分に注目させて相手からの攻撃をすべて自分にむけさせる。,,,,,
しぜんのちから,ノーマル,へんか,,20,自然の力で攻撃する。使う場所ででてくる技が変化する。,,,,,
じゅうでん,でんき,へんか,,20,次のターンにだすでんきタイプの技の威力をあげる。自分の特防もあがる。,,,,,
ちょうはつ,あく,へんか,,20,相手を怒らせる。３ターンのあいだ相手はダメージを与える技しかだせなくなる。,,,,,
てだすけ,ノーマル,へんか,,20,仲間を助ける。てだすけされたポケモンの技の威力はいつもより大きくなる。,,,,,
トリック,エスパー,へんか,,10,相手のすきをついて自分と相手の持ち物を交換する。,,,,,
なりきり,エスパー,へんか,,10,相手になりきって自分も相手と同じ特性に変化する。,,,,,
ねがいごと,ノーマル,へんか,,10,次のターンに自分のＨＰを最大ＨＰの半分回復する。,,,,,
ねこのて,ノーマル,へんか,,20,大急ぎで味方の助けをかりて控えのポケモンがおぼえている技をどれか１つ使う。,,,,,
ねをはる,くさ,へんか,,20,大地に根を張り毎ターン自分のＨＰを回復する。根を張っているので入れ替えられない。,,,,,
ばかぢから,かくとう,ぶつり,120,5,すごい力を発揮して相手を攻撃する。自分の攻撃と防御がさがる。,〇,,,,
マジックコート,エスパー,へんか,,15,状態異常になる技ややどりぎのタネなどをだされたとき相手に跳ね返す。,,,,,
リサイクル,ノーマル,へんか,,10,戦闘中に使ってなくなった自分の持ち物を再生させて使えるようにする。,,,,,
リベンジ,かくとう,ぶつり,60,10,相手から技を受けているとその相手に対して与えるダメージが２倍になる。,〇,,,,
かわらわり,かくとう,ぶつり,75,15,手刀を勢いよく振りおろして相手を攻撃する。ひかりのかべやリフレクターも破壊できる。,〇,,,,
あくび,ノーマル,へんか,,10,大きなあくびで眠気を誘う。次のターンに相手を眠り状態にする。,,,,,
はたきおとす,あく,ぶつり,65,20,相手の持ち物をはたき落として戦闘が終わるまで使えなくする。物を持つ相手にはダメージが増す。,〇,,,,
がむしゃら,ノーマル,ぶつり,,5,相手のＨＰが自分のＨＰと同じくらいになるようにダメージを与える。,〇,,,,
ふんか,ほのお,とくしゅ,150,5,怒りを爆発させて相手を攻撃する。自分のＨＰが少ないほど技の威力はさがる。,,,,,
スキルスワップ,エスパー,へんか,,10,超能力で自分の特性と相手の特性を入れ替える。,,,,,
ふういん,エスパー,へんか,,10,相手が自分と同じ技をおぼえていたら相手だけその技を使えなくする。,,,,,
リフレッシュ,ノーマル,へんか,,20,体をやすめて自分がおっている毒まひやけどの状態異常を治す。,,,,,
おんねん,ゴースト,へんか,,5,相手の技でひんしにされたときおんねんをかけてその技のＰＰを０にする。,,,,,
よこどり,あく,へんか,,10,相手が使おうとした回復技や能力変化の技をうばって自分に使う。,,,,,
ひみつのちから,ノーマル,ぶつり,70,20,秘密の力で相手を攻撃する。使う場所で追加効果が変化する。,,,,,
ダイビング,みず,ぶつり,80,10,１ターン目で潜り２ターン目に浮きあがって攻撃する。,〇,,,,
つっぱり,かくとう,ぶつり,15,20,ひらいた両手で相手をつっぱって攻撃する。２ー５回のあいだ連続でだす。,〇,,,,
ほごしょく,ノーマル,へんか,,20,水辺や草むらどうくつなどいる場所にあわせて自分のタイプを変える。,,,,,
ほたるび,むし,へんか,,20,点滅する光を眺めて自分の精神を統一し特攻をぐぐーんとあげる。,,,,,
ラスターパージ,エスパー,とくしゅ,95,5,まばゆい光を解放して攻撃する。相手の特防をさげることがある。,,,,,
ミストボール,エスパー,とくしゅ,95,5,霧状の羽毛で包みこみ攻撃する。相手の特攻をさげることがある。,,,,,
フェザーダンス,ひこう,へんか,,15,羽毛をふりまいて相手の体にからませる。相手の攻撃をがくっとさげる。,,,,,
フラフラダンス,ノーマル,へんか,,20,フラフラとダンスをおどって自分の周りにいるものを混乱状態にさせる。,,,,,
ブレイズキック,ほのお,ぶつり,85,10,攻撃した相手をやけど状態にすることがある。急所にも当たりやすい。,〇,,,,
どろあそび,じめん,へんか,,15,あたりを泥まみれにする。５ターンのあいだでんきタイプの技を弱める。,,,,,
アイスボール,こおり,ぶつり,30,20,５ターンの間相手を攻撃する。技が当たるたび威力があがる。,〇,,,,
ニードルアーム,くさ,ぶつり,60,15,トゲの腕を激しくふるって攻撃する。相手をひるませることがある。,〇,,,,
なまける,ノーマル,へんか,,5,怠けてやすむ。自分のＨＰを最大ＨＰの半分回復する。,,,,,
ハイパーボイス,ノーマル,とくしゅ,90,10,うるさく響く大きな振動を相手に与えて攻撃する。,,〇,,,
どくどくのキバ,どく,ぶつり,50,15,毒のあるキバで相手にかみついて攻撃する。猛毒をおわせることがある。,〇,,,〇,
ブレイククロー,ノーマル,ぶつり,75,10,硬く鋭いツメで切り裂いて攻撃する。相手の防御をさげることがある。,〇,,,,
ブラストバーン,ほのお,とくしゅ,150,5,爆発の炎で相手を焼きつくして攻撃する。次のターンは動けなくなる。,,,,,
ハイドロカノン,みず,とくしゅ,150,5,水の大砲を相手に発射して攻撃する。次のターンは動けなくなる。,,,,,
コメットパンチ,はがね,ぶつり,90,10,すい星のごとくパンチをくりだして相手を攻撃する。自分の攻撃があがることがある。,〇,,〇,,
おどろかす,ゴースト,ぶつり,30,15,大きな声などで不意に驚かして攻撃する。相手をひるませることがある。,〇,,,,
ウェザーボール,ノーマル,とくしゅ,50,10,使ったときの天気によって技のタイプと威力が変わる。,,,,,
アロマセラピー,くさ,へんか,,5,心地好いやすらぐ香りをかがせて味方全員の状態異常を回復する。,,,,,
うそなき,あく,へんか,,20,ないたふりをして涙を流す。こまらせることで相手の特防をがくっとさげる。,,,,,
エアカッター,ひこう,とくしゅ,60,25,鋭い風で相手を切りつけて攻撃する。急所に当たりやすい。,,,,,
オーバーヒート,ほのお,とくしゅ,130,5,フルパワーで相手を攻撃する。使うと反動で自分の特攻ががくっとさがる。,,,,,
かぎわける,ノーマル,へんか,,40,ゴーストタイプに効果がない技や回避率の高い相手に攻撃が当たるようになる。,,,,,
がんせきふうじ,いわ,ぶつり,60,15,岩石を投げつけて攻撃する。相手の動きを封じることで素早さをさげる。,,,,,
ぎんいろのかぜ,むし,とくしゅ,60,5,風にりんぷんをのせて相手を攻撃する。自分のすべての能力があがることがある。,,,,,
きんぞくおん,はがね,へんか,,40,金属をこすってでるようないやな音を聞かせる。相手の特防をがくっとさげる。,,〇,,,
くさぶえ,くさ,へんか,,15,心地好い笛の音色を聞かせて相手を眠りの状態にする。,,〇,,,
くすぐる,ノーマル,へんか,,20,体をくすぐり笑わせることで相手の攻撃と防御をさげる。,〇,,,,
コスモパワー,エスパー,へんか,,20,宇宙から神秘の力をとりこむことで自分の防御と特防をあげる。,,,,,
しおふき,みず,とくしゅ,150,5,潮を吹きつけて攻撃する。自分のＨＰが少ないほど技の威力はさがる。,,,,,
シグナルビーム,むし,とくしゅ,75,15,不思議な光を発射して攻撃する。相手を混乱させることがある。,,,,,
シャドーパンチ,ゴースト,ぶつり,60,20,影にまぎれてパンチをくりだす。攻撃は必ず命中する。,〇,,〇,,
じんつうりき,エスパー,とくしゅ,80,20,みえない不思議な力を送って攻撃する。相手をひるませることがある。,,,,,
スカイアッパー,かくとう,ぶつり,85,15,空にむかうような高いアッパーで相手を突きあげて攻撃する。,〇,,〇,,
すなじごく,じめん,ぶつり,35,15,激しく吹きあれる砂あらしの中に４ー５ターンのあいだ相手を閉じこめて攻撃する。,,,,,
ぜったいれいど,こおり,とくしゅ,,5,絶対零度の冷たさで相手を攻撃する。当たれば一撃でひんしにする。,,,,,
だくりゅう,みず,とくしゅ,90,10,濁った水を相手に発射して攻撃する。命中率をさげることがある。,,,,,
タネマシンガン,くさ,ぶつり,25,30,タネを勢いよく相手に発射して攻撃する。２ー５回のあいだ連続でだす。,,,,,
つばめがえし,ひこう,ぶつり,60,20,素早い動きで相手をほんろうして切りつける。攻撃は必ず命中する。,〇,,,,
つららばり,こおり,ぶつり,25,30,鋭い氷柱を相手に発射して攻撃する。２ー５回のあいだ連続でだす。,,,,,
てっぺき,はがね,へんか,,15,皮膚を鉄のように硬くすることで自分の防御をぐーんとあげる。,,,,,
とおせんぼう,ノーマル,へんか,,5,両手をひろげてたちはだかり相手の逃げ道をふさいで逃げられなくする。,,,,,
とおぼえ,ノーマル,へんか,,40,大声でほえて気合を高め自分の攻撃をあげる。,,〇,,,
ドラゴンクロー,ドラゴン,ぶつり,80,15,鋭くとがった巨大なツメで相手を切り裂いて攻撃する。,〇,,,,
ハードプラント,くさ,とくしゅ,150,5,大きな樹木で相手をたたきつけて攻撃する。次のターンは動けなくなる。,,,,,
ビルドアップ,かくとう,へんか,,20,体に力をこめて筋肉をぶあつくすることで自分の攻撃と防御をあげる。,,,,,
とびはねる,ひこう,ぶつり,85,5,空高く飛び跳ねて２ターン目に相手を攻撃する。まひ状態にすることがある。,〇,,,,
マッドショット,じめん,とくしゅ,55,15,泥の塊を相手に投げつけて攻撃する。同時に相手の素早さをさげる。,,,,,
ポイズンテール,どく,ぶつり,50,25,しっぽでたたく。毒状態にすることがあり急所にも当たりやすい。,〇,,,,
ほしがる,ノーマル,ぶつり,60,25,かわいくあまえながら相手にちかづき持っている道具をうばう。,〇,,,,
ボルテッカー,でんき,ぶつり,120,15,電気をまとって突進する。自分もかなりダメージを受ける。まひ状態にすることがある。,〇,,,,
マジカルリーフ,くさ,とくしゅ,60,20,相手を追跡する不思議なはっぱを まきちらす。攻撃は必ず命中する。,,,,,
みずあそび,みず,へんか,,15,あたりを水でびしょびしょにする。５ターンのあいだほのおタイプの技を弱める。,,,,,
めいそう,エスパー,へんか,,20,静かに精神を統一し心を鎮めることで自分の特攻と特防をあげる。,,,,,
リーフブレード,くさ,ぶつり,90,15,はっぱを剣のようにあやつり相手を切りつけて攻撃する。急所に当たりやすい。,〇,,,,
りゅうのまい,ドラゴン,へんか,,20,神秘的で力強い舞を激しくおどる。自分の攻撃と素早さをあげる。,,,,,
ロックブラスト,いわ,ぶつり,25,10,硬い岩石を相手に発射して攻撃する。２ー５回のあいだ連続でだす。,,,,,
でんげきは,でんき,とくしゅ,60,20,電撃を素早く相手に浴びせる。攻撃は必ず命中する。,,,,,
みずのはどう,みず,とくしゅ,60,20,水の振動を相手に与えて攻撃する。相手を混乱させることがある。,,,,,〇
はめつのねがい,はがね,とくしゅ,140,5,技を使った２ターン後に無数の光の束で相手を攻撃する。,,,,,
サイコブースト,エスパー,とくしゅ,140,5,フルパワーで相手を攻撃する。使うと反動で自分の特攻ががくっとさがる。,,,,,
はねやすめ,ひこう,へんか,,5,地面に降りて体をやすめる。最大ＨＰの半分のＨＰを回復する。,,,,,
じゅうりょく,エスパー,へんか,,5,５ターンのあいだ重力を強くしてふゆうや空へ飛ぶ技を使えなくする。,,,,,
ミラクルアイ,エスパー,へんか,,40,あくタイプに効果がない技や回避率の高い相手に攻撃が当たるようになる。,,,,,
めざましビンタ,かくとう,ぶつり,70,10,眠り状態の相手に大きなダメージを与える。かわりに相手は眠りからさめる。,〇,,,,
アームハンマー,かくとう,ぶつり,100,10,強くて重いこぶしをふるってダメージを与える。自分の素早さがさがる。,〇,,〇,,
ジャイロボール,はがね,ぶつり,,5,体を高速に回転させて体当たりする。相手より素早さが低いほど強い。,〇,,,,
いやしのねがい,エスパー,へんか,,10,自分はひんしになるが控えからでてくるポケモンの状態異常とＨＰを回復する。,,,,,
しおみず,みず,とくしゅ,65,10,相手がＨＰの半分くらいきずをおっていると技の威力が２倍になる。,,,,,
しぜんのめぐみ,ノーマル,ぶつり,,15,きのみから力をもらい攻撃する。持たせたきのみで技のタイプと威力が変わる。,,,,,
フェイント,ノーマル,ぶつり,30,10,まもるやみきりをしている相手に攻撃ができる。守りの効果を解除させる。,,,,,
ついばむ,ひこう,ぶつり,60,20,くちばしで攻撃。相手がきのみを持っているとき食べてきのみの効果を受けられる。,〇,,,,
おいかぜ,ひこう,へんか,,15,激しく吹きあれる風の渦をつくり４ターンのあいだ味方全員の素早さをあげる。,,,,,
つぼをつく,ノーマル,へんか,,30,つぼおしで体を活性化させる。能力のどれか１つをぐーんとあげる。,,,,,
メタルバースト,はがね,ぶつり,,10,技をだす前に最後に受けた技のダメージを大きくしてだした相手に返す。,,,,,
とんぼがえり,むし,ぶつり,70,20,攻撃したあとものすごいスピードでもどってきて控えのポケモンと入れ替わる。,〇,,,,
インファイト,かくとう,ぶつり,120,5,守りを捨てて相手のふところに突撃する。自分の防御と特防がさがる。,〇,,,,
しっぺがえし,あく,ぶつり,50,10,ためこんで攻撃する。相手よりあとに攻撃できると技の威力は２倍になる。,〇,,,,
ダメおし,あく,ぶつり,60,10,そのターンに相手がすでにダメージを受けていたら技の威力は２倍になる。,〇,,,,
さしおさえ,あく,へんか,,15,持たせた道具を使えなくする。トレーナーもそのポケモンには道具を使えない。,,,,,
なげつける,あく,ぶつり,,10,持たせた道具を素早く投げつけて攻撃する。道具で威力と効果が変わる。,,,,,
サイコシフト,エスパー,へんか,,10,超能力で暗示をかけて自分の受けている状態異常を相手にうつす。,,,,,
きりふだ,ノーマル,とくしゅ,,5,きりふだの残りＰＰが少なければ少ないほど技の威力があがる。,,,,,
かいふくふうじ,エスパー,へんか,,15,５ターンのあいだ技や特性や持っている道具によってＨＰを回復できなくする。,,,,,
しぼりとる,ノーマル,とくしゅ,,5,強く締めあげて攻撃をする。相手のＨＰが残っているほど威力はあがる。,〇,,,,
パワートリック,エスパー,へんか,,10,超能力で自分の攻撃と防御の力を交換する。,,,,,
いえき,どく,へんか,,10,胃液を相手の体に吐きつける。ついた胃液は相手の特性の効果を消す。,,,,,
おまじない,ノーマル,へんか,,30,天にむかっておいのりをささげ相手の攻撃を急所に当たらなくする。,,,,,
さきどり,ノーマル,へんか,,20,威力をあげて相手がだそうとする技を先にだす。先にだせないと失敗する。,,,,,
まねっこ,ノーマル,へんか,,20,直前にでた技をまねして同じ技をだす。技がでていないと失敗する。,,,,,
パワースワップ,エスパー,へんか,,10,超能力で自分と相手の攻撃と特攻の能力変化を入れ替える。,,,,,
ガードスワップ,エスパー,へんか,,10,超能力で自分と相手の防御と特防の能力変化を入れ替える。,,,,,
おしおき,あく,ぶつり,,5,能力変化で相手がパワーアップしているほど技の威力があがる。,〇,,,,
とっておき,ノーマル,ぶつり,140,5,戦闘中におぼえている技をすべて使うとはじめてだせるとっておきの技。,〇,,,,
なやみのタネ,くさ,へんか,,10,心をなやませるタネを植えつける。相手を眠れなくして特性をふみんにする。,,,,,
ふいうち,あく,ぶつり,70,5,相手より先に攻撃できる。相手がだす技が攻撃技でないと失敗する。,〇,,,,
どくびし,どく,へんか,,20,相手の足下にどくびしをしかける。交代ででてきた相手のポケモンに毒をおわせる。,,,,,
ハートスワップ,エスパー,へんか,,10,超能力で自分と相手にかかっている能力変化を入れ替える。,,,,,
アクアリング,みず,へんか,,20,自分の体の周りを水でつくったベールでおおう。毎ターンＨＰを回復する。,,,,,
でんじふゆう,でんき,へんか,,10,電気でつくった磁力の力で宙に浮かぶ。５ターンのあいだ浮遊できる。,,,,,
フレアドライブ,ほのお,ぶつり,120,15,炎をまとって突進する。自分もかなりダメージを受ける。やけど状態にすることがある。,〇,,,,
はっけい,かくとう,ぶつり,60,10,相手の体に衝撃波を当てて攻撃する。まひ状態にすることがある。,〇,,,,
はどうだん,かくとう,とくしゅ,80,20,体の奥から波導の力を相手にうち放つ。攻撃は必ず命中する。,,,,,〇
ロックカット,いわ,へんか,,20,自分の体を磨いて空気の抵抗を少なくする。素早さをぐーんとあげることができる。,,,,,
どくづき,どく,ぶつり,80,20,毒にそまった触手や腕で相手を突き刺す。毒状態にすることがある。,〇,,,,
あくのはどう,あく,とくしゅ,80,15,体から悪意にみちた恐ろしいオーラを発する。相手をひるませることがある。,,,,,〇
つじぎり,あく,ぶつり,70,15,一瞬のすきをついて相手を切りはらう。急所に当たりやすい。,〇,,,,
アクアテール,みず,ぶつり,90,10,激しくあれくるう荒波のように大きなしっぽをふって相手を攻撃する。,〇,,,,
タネばくだん,くさ,ぶつり,80,15,硬い殻をもつ大きなタネを上からたたきつけて相手を攻撃する。,,,,,
エアスラッシュ,ひこう,とくしゅ,75,15,空をも切り裂く空気の刃で攻撃する。相手をひるませることがある。,,,,,
シザークロス,むし,ぶつり,80,15,カマやツメをハサミのように交差させながら相手を切り裂く。,〇,,,,
むしのさざめき,むし,とくしゅ,90,10,はねの振動で音波をおこして攻撃する。相手の特防をさげることがある。,,〇,,,
りゅうのはどう,ドラゴン,とくしゅ,85,10,大きな口から衝撃波をまきおこして相手を攻撃する。,,,,,〇
ドラゴンダイブ,ドラゴン,ぶつり,100,10,すさまじい殺気で威圧しながら体当たりする。相手をひるませることがある。,〇,,,,
パワージェム,いわ,とくしゅ,80,20,宝石のようにきらめく光を発射して相手を攻撃する。,,,,,
ドレインパンチ,かくとう,ぶつり,75,10,こぶしから相手の力を吸い取る。与えたダメージの半分のＨＰを回復できる。,〇,,〇,,
しんくうは,かくとう,とくしゅ,40,30,こぶしをふって真空の波をまきおこす。必ず先制攻撃できる。,,,,,
きあいだま,かくとう,とくしゅ,120,5,気合を高めてありったけの力を放出する。相手の特防をさげることがある。,,,,,
エナジーボール,くさ,とくしゅ,90,10,自然から集めた命の力を発射する。相手の特防をさげることがある。,,,,,
ブレイブバード,ひこう,ぶつり,120,15,はねをおりたたみ低空飛行で突撃する。自分もかなりダメージを受ける。,〇,,,,
だいちのちから,じめん,とくしゅ,90,10,相手の足下へ大地の力を放出する。相手の特防をさげることがある。,,,,,
すりかえ,あく,へんか,,10,目にもとまらぬ速さで自分と相手の持ち物を交換する。,,,,,
ギガインパクト,ノーマル,ぶつり,150,5,持てる力をすべて使って相手に突撃する。次のターンは動けなくなる。,〇,,,,
わるだくみ,あく,へんか,,20,悪いことを考えて頭を活性化させる。自分の特攻をぐーんとあげる。,,,,,
バレットパンチ,はがね,ぶつり,40,30,弾丸のような速くて硬いパンチを相手にくりだす。必ず先制攻撃できる。,〇,,〇,,
ゆきなだれ,こおり,ぶつり,60,10,相手から技を受けているとその相手に対して技の威力が２倍になる。,〇,,,,
こおりのつぶて,こおり,ぶつり,40,30,氷の塊を一瞬でつくり相手に素早く放つ。必ず先制攻撃できる。,,,,,
シャドークロー,ゴースト,ぶつり,70,15,影からつくった鋭いツメで相手を切り裂く。急所に当たりやすい。,〇,,,,
かみなりのキバ,でんき,ぶつり,65,15,電気をためたキバでかみつく。相手をひるませたりまひ状態にすることがある。,〇,,,〇,
こおりのキバ,こおり,ぶつり,65,15,冷気をひめたキバでかみつく。相手をひるませたりこおり状態にすることがある。,〇,,,〇,
ほのおのキバ,ほのお,ぶつり,65,15,炎をまとったキバでかみつく。相手をひるませたりやけど状態にすることがある。,〇,,,〇,
かげうち,ゴースト,ぶつり,40,30,影をのばして相手の背後から攻撃する。必ず先制攻撃できる。,,,,,
どろばくだん,じめん,とくしゅ,65,10,硬い泥の弾を相手に発射して攻撃する。命中率をさげることがある。,,,,,
サイコカッター,エスパー,ぶつり,70,20,実体化させた心の刃で相手を切り裂く。急所に当たりやすい。,,,,,
しねんのずつき,エスパー,ぶつり,80,15,思念の力を額に集めて攻撃する。相手をひるませることがある。,〇,,,,
ミラーショット,はがね,とくしゅ,65,10,磨きあげられた体からせん光の力を相手に放つ。命中率をさげることがある。,,,,,
ラスターカノン,はがね,とくしゅ,80,10,体の光を一点に集めて力を放つ。相手の特防をさげることがある。,,,,,
ロッククライム,ノーマル,ぶつり,90,20,すごい勢いで相手につっこみ攻撃する。相手を混乱させることがある。,〇,,,,
きりばらい,ひこう,へんか,,15,強い風で相手のリフレクターやひかりのかべなどをはらいのける。回避率もさげる。,,,,,
トリックルーム,エスパー,へんか,,5,まか不思議な空間をつくる。５ターンのあいだ遅いポケモンから行動できる。,,,,,
りゅうせいぐん,ドラゴン,とくしゅ,130,5,天空から隕石を相手に落とす。使うと反動で自分の特攻ががくっとさがる。,,,,,
ほうでん,でんき,とくしゅ,80,15,まばゆい電撃で自分の周りにいるものを攻撃する。まひ状態にすることがある。,,,,,
ふんえん,ほのお,とくしゅ,80,15,真っ赤な炎で自分の周りにいるものを攻撃する。やけど状態にすることがある。,,,,,
リーフストーム,くさ,とくしゅ,130,5,とがったはっぱで相手にあらしをおこす。使うと反動で自分の特攻ががくっとさがる。,,,,,
パワーウィップ,くさ,ぶつり,120,10,ツタや触手を激しくふるって相手をたたきつけ攻撃する。,〇,,,,
がんせきほう,いわ,ぶつり,150,5,巨大な岩を相手に発射して攻撃する。次のターンは動けなくなる。,,,,,
クロスポイズン,どく,ぶつり,70,20,毒の刃で相手を切り裂く。毒状態にすることがあり急所にも当たりやすい。,〇,,,,
ダストシュート,どく,ぶつり,120,5,汚いゴミを相手にぶつけて攻撃する。毒状態にすることがある。,,,,,
アイアンヘッド,はがね,ぶつり,80,15,鋼のような硬い頭で攻撃する。相手をひるませることがある。,〇,,,,
マグネットボム,はがね,ぶつり,60,20,相手に吸いつく鋼の爆弾を発射する。攻撃は必ず命中する。,,,,,
ストーンエッジ,いわ,ぶつり,100,5,とがった岩を相手に突き刺して攻撃する。急所に当たりやすい。,,,,,
ゆうわく,ノーマル,へんか,,20,♂なら♀を♀なら♂を誘惑して相手の特攻をがくっとさげる。,,,,,
ステルスロック,いわ,へんか,,20,相手の周りに無数の岩を浮かべて交代ででてきた相手のポケモンにダメージを与える。,,,,,
くさむすび,くさ,とくしゅ,,20,草をからませて相手を転ばせる。相手が重いほど威力があがる。,〇,,,,
おしゃべり,ひこう,とくしゅ,65,20,おぼえた言葉で音波をおこして攻撃する。相手を混乱させる。,,〇,,,
さばきのつぶて,ノーマル,とくしゅ,100,10,無数の光弾を相手に放出する。自分の持つプレートによりタイプが変わる。,,,,,
むしくい,むし,ぶつり,60,20,かみついて攻撃する。相手がきのみを持っているとき食べてきのみの効果を受けられる。,〇,,,〇,
チャージビーム,でんき,とくしゅ,50,10,電撃の束を相手に発射する。電気をためて自分の特攻をあげることがある。,,,,,
ウッドハンマー,くさ,ぶつり,120,15,硬い胴体を相手にたたきつけて攻撃する。自分もかなりダメージを受ける。,〇,,,,
アクアジェット,みず,ぶつり,40,20,目にも留まらぬものすごい速さで相手につっこむ。必ず先制攻撃できる。,〇,,,,
こうげきしれい,むし,ぶつり,90,15,しもべを呼びだして相手にむかって攻撃させる。急所に当たりやすい。,,,,,
ぼうぎょしれい,むし,へんか,,10,しもべを呼びだして自分の体におおいつかせる。防御と特防をあげることができる。,,,,,
かいふくしれい,むし,へんか,,10,しもべを呼びだしてきずを治す。最大ＨＰの半分自分のＨＰを回復する。,,,,,
もろはのずつき,いわ,ぶつり,150,5,命を懸けてこん身の力で相手にずつきをする。自分もものすごいダメージを受ける。,〇,,,,
ダブルアタック,ノーマル,ぶつり,35,10,しっぽなどを使い相手をたたいて攻撃する。２回連続でダメージを与える。,〇,,,,
ときのほうこう,ドラゴン,とくしゅ,150,5,時間がゆがむほどの力をうちだして相手を攻撃する。次のターンは動けなくなる。,,,,,
あくうせつだん,ドラゴン,とくしゅ,100,5,周りの空間ごと相手を引き裂きダメージを与える。急所に当たりやすい。,,,,,
みかづきのまい,エスパー,へんか,,10,自分はひんしになるが控えからでてくるポケモンのすべての状態を回復する。,,,,,
にぎりつぶす,ノーマル,ぶつり,,5,すさまじい力で相手をにぎりつぶす。相手のＨＰが残っているほど威力があがる。,〇,,,,
マグマストーム,ほのお,とくしゅ,100,5,激しく燃えたぎる炎のなかに４ー５ターンのあいだ相手を閉じこめて攻撃する。,,,,,
ダークホール,あく,へんか,,10,暗黒の世界にひきずり落として相手を眠り状態にする。,,,,,
シードフレア,くさ,とくしゅ,120,5,体の中から衝撃波を発生させる。相手の特防をがくっとさげることがある。,,,,,
あやしいかぜ,ゴースト,とくしゅ,60,5,みのけもよだつ突風で相手を攻撃する。自分のすべての能力があがることがある。,,,,,
シャドーダイブ,ゴースト,ぶつり,120,5,１ターン目で姿を消して２ターン目に相手を攻撃する。守っていても攻撃は当たる。,〇,,,,
つめとぎ,あく,へんか,,15,ツメを磨いて鋭くする。自分の攻撃と命中率をあげる。,,,,,
ワイドガード,いわ,へんか,,10,味方全員に当たる攻撃を１ターンのあいだ防ぐ。,,,,,
ガードシェア,エスパー,へんか,,10,超能力で自分と相手の防御と特防をたして半分にわける。,,,,,
パワーシェア,エスパー,へんか,,10,超能力で自分と相手の攻撃と特攻をたして半分にわける。,,,,,
ワンダールーム,エスパー,へんか,,10,まか不思議な空間をつくる。５ターンのあいだすべてのポケモンの防御と特防が入れ替わる。,,,,,
サイコショック,エスパー,とくしゅ,80,10,不思議な念波を実体化して相手を攻撃する。物理的なダメージを与える。,,,,,
ベノムショック,どく,とくしゅ,65,10,特殊な毒液を浴びせかける。毒状態の相手には威力が２倍になる。,,,,,
ボディパージ,はがね,へんか,,15,体のムダな部分を削る。自分の素早さをぐーんとあげて体重も軽くなる。,,,,,
いかりのこな,むし,へんか,,20,イライラさせる粉を自分にふりかけて注意をひく。相手の攻撃をすべて自分にむける。,,,,,
テレキネシス,エスパー,へんか,,15,超能力で相手を浮かせる。３ターンのあいだ攻撃が相手に当たりやすくなる。,,,,,
マジックルーム,エスパー,へんか,,10,まか不思議な空間をつくる。５ターンのあいだすべてのポケモンの道具の効果がなくなる。,,,,,
うちおとす,いわ,ぶつり,50,15,石や弾を投げて飛んでいる相手を攻撃する。相手はうち落とされて地面に落ちる。,,,,,
やまあらし,かくとう,ぶつり,60,10,強烈な一撃を相手にくりだす。攻撃は必ず急所に当たる。,〇,,,,
はじけるほのお,ほのお,とくしゅ,70,15,当たるとはじける炎で相手を攻撃する。はじけた炎は隣の相手にもふりかかる。,,,,,
ヘドロウェーブ,どく,とくしゅ,95,10,ヘドロの波で自分の周りにいるものを攻撃する。毒状態にすることがある。,,,,,
ちょうのまい,むし,へんか,,20,神秘的で美しい舞を軽やかにおどる。自分の特攻と特防と素早さをあげる。,,,,,
ヘビーボンバー,はがね,ぶつり,,10,重たい体で相手にぶつかって攻撃する。自分が相手より重いほど威力があがる。,〇,,,,
シンクロノイズ,エスパー,とくしゅ,120,10,不思議な電波で周りにいる自分と同じタイプのポケモンにダメージを与える。,,,,,
エレキボール,でんき,とくしゅ,,10,電気の塊を相手にぶつける。相手より素早さが速いほど威力があがる。,,,,,
みずびたし,みず,へんか,,20,たくさんの水を浴びせかけて相手をみずタイプにする。,,,,,
ニトロチャージ,ほのお,ぶつり,50,20,炎をまとい相手を攻撃する。力をためて自分の素早さをあげる。,〇,,,,
とぐろをまく,どく,へんか,,20,とぐろをまいて集中する。自分の攻撃と防御と命中率をあげる。,,,,,
ローキック,かくとう,ぶつり,65,20,素早い動きで相手の足をねらって攻撃する。相手の素早さをさげる。,〇,,,,
アシッドボム,どく,とくしゅ,40,20,相手をとかす液体を吐きだして攻撃する。相手の特防をがくっとさげる。,,,,,
イカサマ,あく,ぶつり,95,15,相手の力を利用する。戦っている相手の攻撃が高いほどダメージがあがる。,〇,,,,
シンプルビーム,ノーマル,へんか,,15,なぞの念波を相手に送る。念波を受けとった相手は特性がたんじゅんになる。,,,,,
なかまづくり,ノーマル,へんか,,15,不思議なリズムでおどる。動きをまねさせて自分と相手の特性を同じにする。,,,,,
おさきにどうぞ,ノーマル,へんか,,15,相手の行動をサポートして自分の行動のあとに続けて動けるようにする。,,,,,
りんしょう,ノーマル,とくしゅ,60,15,歌で相手を攻撃する。みんなで輪唱すると続けてだすことができ威力もあがる。,,〇,,,
エコーボイス,ノーマル,とくしゅ,40,15,響く声で相手を攻撃する。毎ターンだれかが技を使い続けると威力があがる。,,〇,,,
なしくずし,ノーマル,ぶつり,70,20,すきをみて堅実に攻撃する。相手の能力変化に関係なくダメージを与える。,〇,,,,
クリアスモッグ,どく,とくしゅ,50,15,特殊な泥の塊を相手に投げつけて攻撃する。能力変化をもとにもどす。,,,,,
アシストパワー,エスパー,とくしゅ,20,10,蓄積されたパワーで相手を攻撃する。自分の能力があがっているほど威力があがる。,,,,,
ファストガード,かくとう,へんか,,15,自分と味方を相手の先制攻撃から守る。,,,,,
サイドチェンジ,エスパー,へんか,,15,不思議な力でテレポートして自分と味方の居場所を入れ替える。,,,,,
ねっとう,みず,とくしゅ,80,15,熱く煮えたぎる水を相手に発射して攻撃する。やけど状態にすることがある。,,,,,
からをやぶる,ノーマル,へんか,,15,殻をやぶって自分の防御特防をさげるが攻撃特攻素早さをぐーんとあげる。,,,,,
いやしのはどう,エスパー,へんか,,10,いやしのはどうをとばして最大ＨＰの半分相手のＨＰを回復する。,,,,,〇
たたりめ,ゴースト,とくしゅ,65,10,たたみかけるように攻撃する。状態異常の相手に大きなダメージを与える。,,,,,
フリーフォール,ひこう,ぶつり,60,10,１ターン目で相手を空へ連れさり２ターン目に落として攻撃する。連れさられた相手は動けない。,〇,,,,
ギアチェンジ,はがね,へんか,,10,歯車を回して自分の攻撃をあげるだけでなく素早さもぐーんとあげる。,,,,,
ともえなげ,かくとう,ぶつり,60,10,相手を投げとばして控えのポケモンをひきずりだす。野生の場合は戦闘が終わる。,〇,,,,
やきつくす,ほのお,とくしゅ,60,15,炎で相手を攻撃する。相手がきのみなどを持っているとき燃やして使えなくする。,,,,,
さきおくり,あく,へんか,,15,相手をおさえつけて行動の順番を最後にする。,,,,,
アクロバット,ひこう,ぶつり,55,15,軽やかに相手を攻撃する。自分が道具を持っていないとき大きなダメージを与える。,〇,,,,
ミラータイプ,ノーマル,へんか,,15,相手のタイプを反射して自分も同じタイプになる。,,,,,
かたきうち,ノーマル,ぶつり,70,5,倒れた味方のかたきを討つ。前のターンに味方が倒されていると威力があがる。,〇,,,,
いのちがけ,かくとう,とくしゅ,,5,命懸けで相手を攻撃する。自分はひんしになるが相手にＨＰ分のダメージを与える。,,,,,
ギフトパス,ノーマル,へんか,,15,相手が道具を持っていないとき自分が持っている道具を相手にわたす。,,,,,
れんごく,ほのお,とくしゅ,100,5,激しい炎で相手を包みこみ攻撃する。やけど状態にする。,,,,,
みずのちかい,みず,とくしゅ,80,10,水の柱で攻撃する。ほのおと組みあわせると威力があがって空ににじがかかる。,,,,,
ほのおのちかい,ほのお,とくしゅ,80,10,炎の柱で攻撃する。くさと組みあわせると威力があがって周りが火の海になる。,,,,,
くさのちかい,くさ,とくしゅ,80,10,草の柱で攻撃する。みずと組みあわせると威力があがってあたりが湿原になる。,,,,,
ボルトチェンジ,でんき,とくしゅ,70,20,攻撃したあとものすごいスピードでもどってきて控えポケモンと入れ替わる。,,,,,
むしのていこう,むし,とくしゅ,50,20,抵抗して相手を攻撃する。相手の特攻をさげる。,,〇,,,
じならし,じめん,ぶつり,60,20,地面を踏みならして自分の周りにいるものを攻撃する。相手の素早さをさげる。,,,,,
こおりのいぶき,こおり,とくしゅ,60,10,冷たい息を相手に吹きつけて攻撃する。必ず急所に当たる。,,,,,
ドラゴンテール,ドラゴン,ぶつり,60,10,相手をはじきとばして控えのポケモンをひきずりだす。野生の場合は戦闘が終わる。,〇,,,,
ふるいたてる,ノーマル,へんか,,30,自分を奮いたてて攻撃と特攻をあげる。,,,,,
エレキネット,でんき,とくしゅ,55,15,電気のネットで相手を捕まえて攻撃する。相手の素早さをさげる。,,,,,
ワイルドボルト,でんき,ぶつり,90,15,電気をまとって相手にぶつかって攻撃する。自分も少しダメージを受ける。,〇,,,,
ドリルライナー,じめん,ぶつり,80,10,ドリルのように体を回転しながら相手に体当たりする。急所に当たりやすい。,〇,,,,
ダブルチョップ,ドラゴン,ぶつり,40,15,体の硬い部分で相手をたたいて攻撃する。２回連続でダメージを与える。,〇,,,,
ハートスタンプ,エスパー,ぶつり,60,25,かわいいしぐさで油断させて強烈な一撃を浴びせる。相手をひるませることがある。,〇,,,,
ウッドホーン,くさ,ぶつり,75,10,つのを突き刺して相手の養分を吸い取る。与えたダメージの半分のＨＰを回復できる。,〇,,,,
せいなるつるぎ,かくとう,ぶつり,90,15,長いつので切りつけ攻撃する。相手の能力変化に関係なくダメージを与える。,〇,,,,
シェルブレード,みず,ぶつり,75,10,鋭い貝殻で切りつけて攻撃する。相手の防御をさげることがある。,〇,,,,
ヒートスタンプ,ほのお,ぶつり,,10,燃える体で相手にぶつかって攻撃する。自分が相手より重いほど威力があがる。,〇,,,,
グラスミキサー,くさ,とくしゅ,65,10,鋭いはっぱで相手を包みこんで攻撃する。命中率をさげることがある。,,,,,
ハードローラー,むし,ぶつり,65,20,まるめた体で回転して相手をおしつぶす。相手をひるませることがある。,〇,,,,
コットンガード,くさ,へんか,,10,フワフワの綿毛で自分の体を包みこんで守る。防御をぐぐーんとあげる。,,,,,
ナイトバースト,あく,とくしゅ,85,10,暗黒の衝撃波をとばして相手を攻撃する。命中率をさげることがある。,,,,,
サイコブレイク,エスパー,とくしゅ,100,10,不思議な念波を実体化して相手を攻撃する。物理的なダメージを与える。,,,,,
スイープビンタ,ノーマル,ぶつり,25,10,硬いしっぽで相手をたたいて攻撃する。２ー５回のあいだ連続でだす。,〇,,,,
ぼうふう,ひこう,とくしゅ,110,10,強烈な風で相手を包みこんで攻撃する。相手を混乱させることがある。,,,,,
アフロブレイク,ノーマル,ぶつり,120,15,すごいアフロの頭で相手に突進して攻撃する。自分も少しダメージを受ける。,〇,,,,
ギアソーサー,はがね,ぶつり,50,15,鋼鉄のギアを相手に投げつけて攻撃する。２回連続でダメージを与える。,,,,,
かえんだん,ほのお,とくしゅ,100,5,真っ赤な炎で自分の周りにいるものを攻撃する。やけど状態にすることがある。,,,,,
テクノバスター,ノーマル,とくしゅ,120,5,光弾を相手に放出する。自分の持つカセットによりタイプが変わる。,,,,,
いにしえのうた,ノーマル,とくしゅ,75,10,いにしえのうたを相手に聞かせて心にうったえて攻撃する。眠り状態にすることがある。,,〇,,,
しんぴのつるぎ,かくとう,とくしゅ,85,10,長いつので切りつけ攻撃する。つのがまとった不思議な力は物理的なダメージを与える。,,,,,
こごえるせかい,こおり,とくしゅ,65,10,凍えるような冷気を相手に吹きつけて攻撃する。相手の素早さをさげる。,,,,,
らいげき,でんき,ぶつり,130,5,ぼうだいな電気を身にまとって相手に突進して攻撃する。まひ状態にすることがある。,〇,,,,
あおいほのお,ほのお,とくしゅ,130,5,美しくも激しい青い炎で相手を包みこんで攻撃する。やけど状態にすることがある。,,,,,
ほのおのまい,ほのお,とくしゅ,80,10,炎をまといはばたいて相手を攻撃する。自分の特攻があがることがある。,,,,,
フリーズボルト,こおり,ぶつり,140,5,電気をまとった氷の塊で２ターン目に相手をたたきつける。まひ状態にすることがある。,,,,,
コールドフレア,こおり,とくしゅ,140,5,すべてを凍らせる激しい冷気で２ターン目に相手を包みこむ。やけど状態にすることがある。,,,,,
バークアウト,あく,とくしゅ,55,15,まくしたてるように怒鳴りつけて相手の特攻をさげる。,,〇,,,
つららおとし,こおり,ぶつり,85,10,大きな氷柱を激しくぶつけて攻撃する。相手をひるませることがある。,,,,,
Ｖジェネレート,ほのお,ぶつり,180,5,灼熱の炎を額から発生させて捨て身の体当たり。防御特防素早さがさがる。,〇,,,,
クロスフレイム,ほのお,とくしゅ,100,5,巨大な炎をたたきつける。巨大な雷の影響を受け技の威力があがる。,,,,,
クロスサンダー,でんき,ぶつり,100,5,巨大な雷をたたきつける。巨大な炎の影響を受け技の威力があがる。,,,,,
フライングプレス,かくとう,ぶつり,100,10,空中から相手にダイブする。この技はかくとうタイプと同時にひこうタイプでもある。,〇,,,,
たたみがえし,かくとう,へんか,,10,かえしたタタミを盾にして自分や味方への技のダメージを防ぐ。変化技は防ぐことができない。,,,,,
ゲップ,どく,とくしゅ,120,10,相手に向かってゲップを浴びせてダメージを与える。きのみを食べないとだせない。,,,,,
たがやす,じめん,へんか,,10,地面を耕して草木が育ちやすいようにする。くさタイプの攻撃と特攻があがる。,,,,,
ねばねばネット,むし,へんか,,20,相手の周りにねばねばしたネットをはりめぐらせ交代ででてきた相手の素早さをさげる。,,,,,
とどめばり,むし,ぶつり,50,25,この技を使って相手を倒すと攻撃がぐーんとあがる。,〇,,,,
ゴーストダイブ,ゴースト,ぶつり,90,10,１ターンめでどこかに消えて２ターンめに相手を攻撃する。守りを無視して攻撃できる。,〇,,,,
ハロウィン,ゴースト,へんか,,20,相手をハロウィンに誘う。相手のタイプにゴーストタイプが追加される。,,,,,
おたけび,ノーマル,へんか,,30,おたけびをあげて相手を威嚇し相手の攻撃と特攻をさげる。,,〇,,,
プラズマシャワー,でんき,へんか,,25,電気を帯びた粒子を拡散しノーマルタイプの技をでんきタイプにしてしまう。,,,,,
パラボラチャージ,でんき,とくしゅ,65,20,周りにいるポケモン全員にダメージ。与えたダメージの半分を自分が回復する。,,,,,
もりののろい,くさ,へんか,,20,相手に森ののろいをかける。のろいをかけられた相手はタイプにくさタイプが追加される。,,,,,
はなふぶき,くさ,ぶつり,90,15,激しい花吹雪を起こし周りにいるものに攻撃してダメージを与える。,,,,,
フリーズドライ,こおり,とくしゅ,70,20,相手を急激に冷やしてこおり状態にすることがある。みずタイプにも効果抜群になる。,,,,,
チャームボイス,フェアリー,とくしゅ,40,15,魅惑の鳴き声をだして相手に精神的なダメージを与える。攻撃は必ず命中する。,,〇,,,
すてゼリフ,あく,へんか,,20,すてゼリフで相手をいかくし攻撃と特攻をさげたのち控えのポケモンと入れ替わる。,,〇,,,
ひっくりかえす,あく,へんか,,20,相手にかかっているすべての能力変化をひっくり返して逆にする。,,,,,
ドレインキッス,フェアリー,とくしゅ,50,10,キッスによって相手からＨＰを吸い取る。与えたダメージの半分以上ＨＰを回復する。,〇,,,,
トリックガード,フェアリー,へんか,,10,不思議な力を使って味方への変化技を防ぐ。ダメージ技は受けてしまう。,,,,,
フラワーガード,フェアリー,へんか,,10,不思議な力を使って場にいるくさタイプのポケモン全員の防御をあげる。,,,,,
フラワーガード,フェアリー,へんか,,10,不思議な力を使って場にいるくさタイプのポケモン全員の防御をあげる。,,,,,
グラスフィールド,くさ,へんか,,10,５ターンのあいだ足元をグラスフィールドにする。地面にいるポケモンは毎ターン回復する。,,,,,
ミストフィールド,フェアリー,へんか,,10,５ターンのあいだ足元をミストフィールドにする。地面にいると状態異常にならない。,,,,,
そうでん,でんき,へんか,,20,相手が技をだす前にそうでんするとそのターン相手の技はでんきタイプになる。,,,,,
じゃれつく,フェアリー,ぶつり,90,10,相手にじゃれついて攻撃する。相手の攻撃をさげることがある。,〇,,,,
ようせいのかぜ,フェアリー,とくしゅ,40,30,ようせいのかぜを起こし相手に吹きつけて攻撃する。,,,,,
ムーンフォース,フェアリー,とくしゅ,95,15,月のパワーをかりて相手を攻撃する。相手の特攻をさげることがある。,,,,,
ばくおんぱ,ノーマル,とくしゅ,140,10,すさまじい爆音の破壊力によって周りにいるものを攻撃する。,,〇,,,
フェアリーロック,フェアリー,へんか,,10,ロックをかけることによって次のターンすべてのポケモンを逃げられなくする。,,,,,
キングシールド,はがね,へんか,,10,相手の攻撃を防ぐと同時に防御態勢になる。触れた相手の攻撃をがくっとさげる。,,,,,
なかよくする,ノーマル,へんか,,20,相手と仲良くなって戦う気力を失わせ相手の攻撃をさげる。,,,,,
ないしょばなし,ノーマル,へんか,,20,ないしょばなしをすることで相手の集中力を失わせ相手の特攻をさげる。,,〇,,,
ダイヤストーム,いわ,ぶつり,100,5,ダイヤの嵐を巻き起こしダメージを与える。自分の防御をあげることがある。,,,,,
スチームバースト,みず,とくしゅ,110,5,ものすごく熱い蒸気を相手に浴びせる。相手はやけどすることがある。,,,,,
いじげんホール,エスパー,とくしゅ,80,5,異次元ホールで突然相手の真横に現れ攻撃する。まもるやみきりも無視できる。,,,,,
みずしゅりけん,みず,とくしゅ,15,20,粘液でできた手裏剣を２ー５回のあいだ連続でだす。必ず先制攻撃できる。,,,,,
マジカルフレイム,ほのお,とくしゅ,75,10,口から吐きだす特別熱い炎で攻撃する。相手の特攻をさげる。,,,,,
ニードルガード,くさ,へんか,,10,相手の攻撃を防ぐと同時に触れた相手の体力を削ってしまう。,,,,,
アロマミスト,フェアリー,へんか,,20,不思議なアロマの香りによって味方の特防をあげる。,,,,,
かいでんぱ,でんき,へんか,,15,体からかいでんぱを放ち相手に浴びせることによって特攻をがくっとさげる。,,,,,
ベノムトラップ,どく,へんか,,20,特殊な毒液を浴びせかける。毒状態の相手は攻撃特攻素早さがさがる。,,,,,
ふんじん,むし,へんか,,20,ふんじんを浴びせた相手がほのお技を使うと爆発してダメージを与える。,,,,,
ジオコントロール,フェアリー,へんか,,10,１ターン目でエネルギーを吸収し２ターン目に特攻特防素早さをぐーんとあげる。,,,,,
じばそうさ,でんき,へんか,,20,磁場を操作することによって特性プラスとマイナスの防御特防があがる。,,,,,
ハッピータイム,ノーマル,へんか,,30,ハッピータイムの技を使うと戦闘のあとでもらえるお金が倍になる。,,,,,
エレキフィールド,でんき,へんか,,10,５ターンのあいだ足元をエレキフィールドにする。地面にいるポケモンは眠らなくなる。,,,,,
マジカルシャイン,フェアリー,とくしゅ,80,10,強力な光を放ち相手にダメージを与える。,,,,,
おいわい,ノーマル,へんか,,40,ポケモンがとってもハッピーなあなたのことをお祝いしてくれる。,,,,,
てをつなぐ,ノーマル,へんか,,40,味方のポケモン同士が手をつなぐ。とっても幸せな気持ちになれる。,,,,,
つぶらなひとみ,フェアリー,へんか,,30,つぶらなひとみで相手をみつめて攻撃をさげる。必ず先制攻撃できる。,,,,,
ほっぺすりすり,でんき,ぶつり,20,20,電気を帯びたほっぺをすりつけて攻撃。相手をまひ状態にする。,〇,,,,
てかげん,ノーマル,ぶつり,40,40,手加減した攻撃で相手のＨＰを必ず１だけ残す。,〇,,,,
まとわりつく,むし,とくしゅ,20,20,４ー５ターンのあいだ相手にまとわりついて攻撃する。そのあいだ相手は逃げられない。,〇,,,,
グロウパンチ,かくとう,ぶつり,40,20,繰り返し打つことでだんだんこぶしが固くなる。相手に当てると攻撃があがる。,〇,,〇,,
デスウイング,ひこう,とくしゅ,80,10,ねらいを定めた相手からＨＰを吸い取る。与えたダメージの半分以上ＨＰを回復する。,,,,,
サウザンアロー,じめん,ぶつり,90,10,浮いているポケモンにも当たる。浮いていた相手は撃ち落とされて地面に落ちる。,,,,,
サウザンウェーブ,じめん,ぶつり,90,10,地をはう波によって攻撃。波に巻き込まれた相手は戦闘から逃げられなくなる。,,,,,
グランドフォース,じめん,ぶつり,90,10,大地のパワーを集め力を相手に集中させてダメージを与える。,,,,,
はめつのひかり,フェアリー,とくしゅ,140,5,永遠の花のパワーをかりて強力な光線を撃ちだす。自分もかなりのダメージを受ける。,,,,,
こんげんのはどう,みず,とくしゅ,110,10,青白く輝く無数の光線で相手を攻撃する。,,,,,〇
だんがいのつるぎ,じめん,ぶつり,120,10,大地の力を刃に変えて相手を攻撃する。,,,,,
ガリョウテンセイ,ひこう,ぶつり,120,5,大空から急速落下して相手を攻撃する。自分の防御と特防がさがる。,〇,,,,
いじげんラッシュ,あく,ぶつり,100,5,たくさんの腕をつかってまもるやきりを無視した連続攻撃自分の防御がさがる。,〇,,,,
ウルトラダッシュアタック,ノーマル,ぶつり,,1,Ｚパワーで勢いをつけて全力で相手にぶつかる。元になった技で威力が変わる。,,,,,
ぜんりょくむそうげきれつけん,かくとう,ぶつり,,1,Ｚパワーで作ったエネルギーの弾を全力で相手にぶつける。元になった技で威力が変わる。,,,,,
ファイナルダイブクラッシュ,ひこう,ぶつり,,1,Ｚパワーで勢いよく飛びあがり相手に向かって全力で落下。元になった技で威力が変わる。,,,,,
アシッドポイズンデリート,どく,ぶつり,,1,Ｚパワーで毒の沼を湧きあがらせ全力で相手を沈める。元になった技で威力が変わる。,,,,,
ライジングランドオーバー,じめん,ぶつり,,1,Ｚパワーで地面の奥深くに潜り全力で相手にぶつかる。元になった技で威力が変わる。,,,,,
ワールズエンドフォール,いわ,ぶつり,,1,Ｚパワーで大きな岩山を呼びだし全力で相手にぶつける。元になった技で威力が変わる。,,,,,
ぜったいほしょくかいてんざん,むし,ぶつり,,1,Ｚパワーで吐きだした糸が全力で相手を縛りつける。元になった技で威力が変わる。,,,,,
むげんあんやへのいざない,ゴースト,ぶつり,,1,Ｚパワーで呼びよせた強い怨念が全力で相手に降りかかる。元になった技で威力が変わる。,,,,,
ちょうぜつらせんれんげき,はがね,ぶつり,,1,Ｚパワーで高速回転をおこない全力で相手にぶつかる。元になった技で威力が変わる。,,,,,
ダイナミックフルフレイム,ほのお,ぶつり,,1,Ｚパワーで燃えさかる炎を吐きだし全力で相手にぶつける。元になった技で威力が変わる。,,,,,
スーパーアクアトルネード,みず,ぶつり,,1,Ｚパワーで大きな渦潮を作り全力で相手を飲みこむ。元になった技で威力が変わる。,,,,,
ブルームシャインエクストラ,くさ,ぶつり,,1,Ｚパワーで草花のエネルギーを借り全力で相手を攻撃する。元になった技で威力が変わる。,,,,,
スパーキングギガボルト,でんき,ぶつり,,1,Ｚパワーで溜めた強い電気を全力で相手にぶつける。元になった技で威力が変わる。,,,,,
マキシマムサイブレイカー,エスパー,ぶつり,,1,Ｚパワーで相手を操り全力で痛い思いをさせる。元になった技で威力が変わる。,,,,,
レイジングジオフリーズ,こおり,ぶつり,,1,Ｚパワーで気温を急激に下げ全力で相手を凍らせる。元になった技で威力が変わる。,,,,,
アルティメットドラゴンバーン,ドラゴン,ぶつり,,1,Ｚパワーでオーラを実体化し全力で相手に襲いかかる。元になった技で威力が変わる。,,,,,
ブラックホールイクリプス,あく,ぶつり,,1,Ｚパワーで悪のエネルギーを集め全力で相手を吸いよせる。元になった技で威力が変わる。,,,,,
ラブリースターインパクト,フェアリー,ぶつり,,1,Ｚパワーで魅惑の空間を作り全力で相手をもてあそぶ。元になった技で威力が変わる。,,,,,
ひっさつのピカチュート,でんき,ぶつり,210,1,Ｚパワーで最大電力を身にまとったピカチュウが全力で相手に飛び掛る。,〇,,,,
すなあつめ,じめん,へんか,,5,最大ＨＰの半分自分のＨＰを回復する。すなあらしの時は多く回復。,,,,,
であいがしら,むし,ぶつり,90,10,威力が高い技だが戦闘に出たらすぐに出さないと成功しない。,〇,,,,
トーチカ,どく,へんか,,10,相手の攻撃を防ぐと同時に触れた相手に毒を与えてしまう。,,,,,
かげぬい,ゴースト,ぶつり,80,10,攻撃と同時に相手の影を縫い付けて逃げられなくする。,,,,,
ＤＤラリアット,あく,ぶつり,85,10,両腕を回し相手に当てる。相手の能力変化に関係なくダメージを与える。,〇,,,,
うたかたのアリア,みず,とくしゅ,90,10,歌うことによってたくさんのバルーンを放出する。技を受けるとやけどが治る。,,〇,,,
アイスハンマー,こおり,ぶつり,100,10,強くて重いこぶしをふるってダメージを与える。自分の素早さがさがる。,〇,,〇,,
フラワーヒール,フェアリー,へんか,,10,最大ＨＰの半分相手のＨＰを回復する。グラスフィールドの時効果があがる。,,,,,
１０まんばりき,じめん,ぶつり,95,10,全身を使って相手に猛アタックする。,〇,,,,
ちからをすいとる,くさ,へんか,,10,相手の攻撃力と同じだけ自分のＨＰを回復する。そして相手の攻撃をさげる。,,,,,
ソーラーブレード,くさ,ぶつり,125,10,１ターン目に光をいっぱいに集め２ターン目にその力を剣に込めて攻撃する。,〇,,,,
このは,くさ,ぶつり,40,40,はっぱを相手に当てて攻撃する。,,,,,
スポットライト,ノーマル,へんか,,15,ポケモンにスポットライトを当てそのターンにそのポケモンしか狙えないようにする。,,,,,
どくのいと,どく,へんか,,20,毒の混じった糸を吹き付ける。相手を毒にして素早さをさげる。,,,,,
とぎすます,ノーマル,へんか,,30,精神を集中して次の攻撃を必ず急所に当てる。,,,,,
アシストギア,はがね,へんか,,20,ギアを入れることによって特性プラスとマイナスの攻撃と特攻があがる。,,,,,
じごくづき,あく,ぶつり,80,15,この技を受けた相手は地獄の苦しみから２ターンの間音の技を出すことができなくなる。,〇,,,,
かふんだんご,むし,とくしゅ,90,15,敵には爆発するだんごを使って攻撃。味方には回復するだんごを与える。,,,,,
アンカーショット,はがね,ぶつり,80,20,アンカーを相手にからませて攻撃する。相手は逃げることができなくなる。,〇,,,,
サイコフィールド,エスパー,へんか,,10,５ターンの間地面にいると先制技を受けない。エスパータイプの威力があがる。,,,,,
とびかかる,むし,ぶつり,80,15,全力で相手に飛びかかって攻撃。相手の攻撃をさげる。,〇,,,,
ほのおのムチ,ほのお,ぶつり,80,15,焼けたムチで相手を打ちつける。攻撃を受けた相手は防御がさがる。,〇,,,,
つけあがる,あく,ぶつり,20,10,自分の強さを鼻高々に攻撃する。自分の能力があがっているほど威力があがる。,〇,,,,
もえつきる,ほのお,とくしゅ,130,5,全身のほのおをすべて燃やして大ダメージを与える。自分のほのおタイプがなくなる。,,,,,
スピードスワップ,エスパー,へんか,,10,相手の素早さと自分の素早さを入れ替えてしまう。,,,,,
スマートホーン,はがね,ぶつり,70,10,とがったつので相手を突き刺して攻撃する。攻撃は必ず命中する。,〇,,,,
じょうか,どく,へんか,,20,相手の状態異常を治す。治すと自分はＨＰを回復することができる。,,,,,
めざめるダンス,ノーマル,とくしゅ,90,15,全力で踊って攻撃する。この技のタイプは自分のタイプと同じになる。,,,,,
コアパニッシャー,ドラゴン,とくしゅ,100,10,ダメージを与えた相手がすでに行動を終えていたら相手の特性を消してしまう。,,,,,
トロピカルキック,くさ,ぶつり,70,15,南国由来の熱いキックを相手に浴びせる。相手の攻撃をさげる。,〇,,,,
さいはい,エスパー,へんか,,15,相手が出した技を指示してもう一度出させることができる。,,,,,
くちばしキャノン,ひこう,ぶつり,100,15,最初にクチバシを加熱してから攻撃をくりだす。加熱中にさわるとやけどする。,,,,,
スケイルノイズ,ドラゴン,とくしゅ,110,5,全身のうろこをこすり大きな音を出して攻撃する。攻撃後自分の防御がさがる。,,〇,,,
ドラゴンハンマー,ドラゴン,ぶつり,90,15,体をハンマーのように使って相手に襲いかかりダメージを与える。,〇,,,,
ぶんまわす,あく,ぶつり,60,20,自分の体をぶんまわして相手にダメージを与える。,〇,,,,
オーロラベール,こおり,へんか,,20,５ターンの間物理と特殊のダメージを弱める。あられの時しか出すことができない。,,,,,
シャドーアローズストライク,ゴースト,ぶつり,180,1,Ｚパワーで無数の矢を作りだしたジュナイパーが全力で相手を射抜く攻撃。,,,,,
ハイパーダーククラッシャー,あく,ぶつり,180,1,Ｚパワーでタフな肉体を得たガオガエンが全力で相手にぶつかって攻撃する。,〇,,,,
わだつみのシンフォニア,みず,とくしゅ,195,1,Ｚパワーで大量の水を呼んだアシレーヌが全力で相手を攻撃する。,,,,,
ガーディアン・デ・アローラ,フェアリー,とくしゅ,,1,Ｚパワーでアローラの力を得たとちがみポケモン全力の攻撃。相手の残りＨＰをたくさん減らす。,,,,,
しちせいだっこんたい,ゴースト,ぶつり,195,1,Ｚパワーを得たマーシャドーがパンチとキックの連続技を全力で相手に叩き込む。,〇,,,,
ライトニングサーフライド,でんき,とくしゅ,175,1,Ｚパワーを得たアローラ地方のライチュウが全力で攻撃する。相手をまひ状態にする。,,,,,
ほんきをだす こうげき,ノーマル,ぶつり,210,1,Ｚパワーで本気を出したカビゴンが巨体を躍動させて全力で相手に襲いかかる。,〇,,,,
ナインエボルブースト,ノーマル,へんか,,1,Ｚパワーを得たイーブイが進化した仲間たちの力を借りて能力をぐーんと上げる。,,,,,
オリジンズスーパーノヴァ,エスパー,とくしゅ,185,1,Ｚパワーを得たミュウが全力で相手を攻撃する。足元がサイコフィールドになる。,,,,,
トラップシェル,ほのお,とくしゅ,150,5,こうらのトラップをしかける。相手が物理技を出すと爆発してダメージを与える。,,,,,
フルールカノン,フェアリー,とくしゅ,130,5,強力なビームを放ったあと自分の特攻ががくっとさがる。,,,,,
サイコファング,エスパー,ぶつり,85,10,サイコパワーでかみついて相手を攻撃する。ひかりのかべやリフレクターなども破壊できる。,〇,,,〇,
じだんだ,じめん,ぶつり,75,10,悔しさをバネにして攻撃する。前のターンに技を外していると威力が倍になる。,〇,,,,
シャドーボーン,ゴースト,ぶつり,85,10,魂の宿ったホネで相手をなぐりつけて攻撃する。相手の防御をさげることがある。,,,,,
アクセルロック,いわ,ぶつり,40,20,素早いスピードで相手にぶつかって攻撃する。必ず先制攻撃できる。,〇,,,,
アクアブレイク,みず,ぶつり,85,10,水の力で相手にぶつかって攻撃する。相手の防御をさげることがある。,〇,,,,
プリズムレーザー,エスパー,とくしゅ,160,10,プリズムの力で強力な光線を発射する。次のターンは動けなくなる。,,,,,
シャドースチール,ゴースト,ぶつり,90,10,相手の影に潜り込み相手の能力アップを奪って攻撃する。,〇,,,,
メテオドライブ,はがね,ぶつり,100,5,流星のような勢いで突進する。相手の特性を無視して攻撃することができる。,〇,,,,
シャドーレイ,ゴースト,とくしゅ,100,5,怪しい光線を放って攻撃する。相手の特性を無視して攻撃することができる。,,,,,
なみだめ,ノーマル,へんか,,20,なみだめになって相手の戦力を喪失させる。相手の攻撃と特攻がさがる。,,,,,
びりびりちくちく,でんき,ぶつり,80,10,相手にぶつかって強力な電気を浴びせびりびりちくちくさせる。相手をひるませることがある。,〇,,,,
しぜんのいかり,フェアリー,とくしゅ,,10,自然の怒りを相手にぶつける。相手のＨＰは半分になる。,,,,,
マルチアタック,ノーマル,ぶつり,120,10,高いエネルギーをまといつつ相手にぶつかって攻撃する。メモリによりタイプが変わる。,〇,,,,
１０００まんボルト,でんき,とくしゅ,195,1,帽子をかぶったピカチュウがＺパワーでパワーアップした電撃を放つ。急所に当たりやすい。,,,,,
ビックリヘッド,ほのお,とくしゅ,150,5,自分の頭を爆発させて周りのすべてを攻撃する。自分もダメージを受けてしまう。,,,,,
プラズマフィスト,でんき,ぶつり,100,15,電気をまとったこぶしで攻撃。ノーマルタイプの技をでんきタイプにしてしまう。,〇,,〇,,
フォトンゲイザー,エスパー,とくしゅ,100,5,光の柱で攻撃する。攻撃と特攻を比べて高いほうでダメージを与える。,,,,,
てんこがすめつぼうのひかり,エスパー,とくしゅ,200,1,ネクロズマが相手の特性の効果を無視して攻撃と特攻の高いほうでダメージを与える。,,,,,
サンシャインスマッシャー,はがね,ぶつり,200,1,Ｚパワーを得たソルガレオが全力で攻撃する。相手の特性の効果を無視できる。,〇,,,,
ムーンライトブラスター,ゴースト,とくしゅ,200,1,Ｚパワーを得たルナアーラが全力で攻撃する。相手の特性の効果を無視できる。,,,,,
ぽかぼかフレンドタイム,フェアリー,ぶつり,190,1,Ｚパワーを得たミミッキュが全力でぽかぽか攻撃。,〇,,,,
ラジアルエッジストーム,いわ,ぶつり,190,1,Ｚパワーを得たルガルガンが全力で攻撃する。追加でフィールド状態を打ち消す。,,,,,
ブレイジングソウルビート,ドラゴン,とくしゅ,185,1,Ｚパワーを得たジャラランガが全力で相手を攻撃する。追加で自分の能力が上がる。,,〇,,,
ばちばちアクセル,でんき,ぶつり,80,10,猛スピードの電撃アタック。必ず先制攻撃できて急所にあたる。,〇,,,,
ざぶざぶサーフ,みず,とくしゅ,90,15,大きな波に電気をあびせ相手にぶつけて攻撃する。まひ状態にすることがある。,,,,,
ふわふわフォール,ひこう,ぶつり,90,15,ふんわりと浮かびあがり一気に急降下して攻撃。相手をひるませることがある。,〇,,,,
ピカピカサンダー,でんき,とくしゅ,,20,ピカチュウのトレーナーへの大好きな気持ちが強いほど威力があがる電撃。必ず命中する。,,,,,
いきいきバブル,みず,とくしゅ,60,20,水のかたまりをぶつけて攻撃。水を吸いとりダメージの半分のHPを回復する。,,,,,
びりびりエレキ,でんき,とくしゅ,60,20,電気を飛ばし相手にあびせて攻撃する。相手をまひ状態にする。,,,,,
めらめらバーン,ほのお,ぶつり,60,20,炎をまとった体で勢いよく相手にぶつかる。相手をやけど状態にする。,〇,,,,
どばどばオーラ,エスパー,とくしゅ,80,15,念力をこれでもかとあびせる。相手の特殊攻撃を弱める不思議なかべをつくりだす。,,,,,
わるわるゾーン,あく,とくしゅ,80,15,わるさをアピールして攻撃。相手の物理攻撃を弱める不思議なかべをつくりだす。,,,,,
すくすくボンバー,くさ,ぶつり,100,10,巨大なツルを生やしタネを撒きちらかして攻撃する。タネは毎ターン相手のHPを吸いとる。,,,,,
こちこちフロスト,こおり,とくしゅ,100,10,冷たく凍ったくろいきりの結晶で攻撃。全員の能力変化をもとにもどす。,,,,,
きらきらストーム,フェアリー,とくしゅ,120,5,むせかえるような香りの竜巻で相手をつつんで攻撃。味方の状態異常を回復する。,,,,,
ブイブイブレイク,ノーマル,ぶつり,,20,イーブイのトレーナーへの大好きな気持ちが強いほど威力があがる体当たり。必ず命中する。,〇,,,,
ダブルパンツァー,はがね,ぶつり,60,5,胸のナットを軸に回転して２回続けてうでをたたきつける。相手をひるませることがある。,〇,,〇,,
ダイウォール,ノーマル,へんか,,10,相手の攻撃をまったく受けない。連続でだすと失敗しやすい。,,,,,
ダイマックスほう,ドラゴン,とくしゅ,100,5,コアからビームを放って攻撃。相手がダイマックスしているとダメージは２倍になる。,,,,,
ねらいうち,みず,とくしゅ,80,15,相手の技を引き受ける特性や技の影響を無視して選んだ相手を攻撃できる。,,,,,
くらいつく,あく,ぶつり,80,10,お互いひんしになるまで交代ができなくなる。どちらかのポケモンがいなくなると効果は消える。,〇,,,〇,
ほおばる,ノーマル,へんか,,10,持っているきのみを食べて防御をぐーんとあげる。,,,,,
はいすいのじん,かくとう,へんか,,5,自分のすべての能力が上がるが交代したり逃げることができなくなる。,,,,,
タールショット,いわ,へんか,,15,ねばねばのタールを浴びせて相手の素早さを下げる。相手はほのおが弱点になる。,,,,,
まほうのこな,エスパー,へんか,,20,まほうのこなを浴びせて相手をエスパータイプに変化させる。,,,,,
ドラゴンアロー,ドラゴン,ぶつり,50,10,ドラメシヤで２回攻撃。相手が２匹いるときはそれぞれに１回ずつ攻撃する。,,,,,
おちゃかい,ノーマル,へんか,,10,おちゃかいをひらいて場にいるポケモンがそれぞれ持っているきのみを食べる。,,,,,
たこがため,かくとう,へんか,,15,相手を逃げられなくする。かためられた相手は毎ターン防御と特防が下がる。,,,,,
でんげきくちばし,でんき,ぶつり,85,10,電気をまとったくちばしで刺す。相手より先に攻撃できると技の威力は２倍になる。,〇,,,,
エラがみ,みず,ぶつり,85,10,かたいエラでかみつく。相手より先に攻撃できると技の威力は２倍になる。,〇,,,〇,
コートチェンジ,ノーマル,へんか,,10,不思議な力でお互いの場の効果を入れ替える。,,,,,
ダイバーン,ほのお,ぶつり,100,10,ダイマックスしたポケモンが繰りだすほのおタイプの攻撃。５ターンの間日差しを強くする。,,,,,
ダイワーム,むし,ぶつり,10,10,ダイマックスしたポケモンが繰りだすむしタイプの攻撃。相手の特攻を下げる。,,,,,
ダイサンダー,でんき,ぶつり,10,10,ダイマックスしたポケモンが繰りだすでんきタイプの攻撃。５ターンの間エレキフィールドにする。,,,,,
ダイアタック,ノーマル,ぶつり,10,10,ダイマックスしたポケモンが繰りだすノーマルタイプの攻撃。相手の素早さを下げる。,,,,,
ダイナックル,かくとう,ぶつり,10,10,ダイマックスしたポケモンが繰りだすかくとうタイプの攻撃。味方の攻撃を上げる。,,,,,
ダイホロウ,ゴースト,ぶつり,10,10,ダイマックスしたポケモンが繰りだすゴーストタイプの攻撃。相手の防御を下げる。,,,,,
ダイアイス,こおり,ぶつり,10,10,ダイマックスしたポケモンが繰りだすこおりタイプの攻撃。５ターンの間あられを降らす。,,,,,
ダイアシッド,どく,ぶつり,10,10,ダイマックスしたポケモンが繰りだすどくタイプの攻撃。味方の特攻を上げる。,,,,,
ダイストリーム,みず,ぶつり,10,10,ダイマックスしたポケモンが繰りだすみずタイプの攻撃。５ターンの間雨を降らせる。,,,,,
ダイジェット,ひこう,ぶつり,10,10,ダイマックスしたポケモンが繰りだすひこうタイプの攻撃。味方の素早さを上げる。,,,,,
ダイフェアリー,フェアリー,ぶつり,10,10,ダイマックスしたポケモンが繰りだすフェアリータイプの攻撃。５ターンの間ミストフィールドにする。,,,,,
ダイドラグーン,ドラゴン,ぶつり,10,10,ダイマックスしたポケモンが繰りだすドラゴンタイプの攻撃。相手の攻撃を下げる。,,,,,
ダイサイコ,エスパー,ぶつり,10,10,ダイマックスしたポケモンが繰りだすエスパータイプの攻撃。５ターンの間サイコフィールドにする。,,,,,
ダイロック,いわ,ぶつり,10,10,ダイマックスしたポケモンが繰りだすいわタイプの攻撃。５ターンの間砂あらしにする。,,,,,
ダイアース,じめん,ぶつり,10,10,ダイマックスしたポケモンが繰りだすじめんタイプの攻撃。味方の特防を上げる。,,,,,
ダイアーク,あく,ぶつり,10,10,ダイマックスしたポケモンが繰りだすあくタイプの攻撃。相手の特防を下げる。,,,,,
ダイソウゲン,くさ,ぶつり,10,10,ダイマックスしたポケモンが繰りだすくさタイプの攻撃。５ターンの間グラスフィールドにする。,,,,,
ダイスチル,はがね,ぶつり,10,10,ダイマックスしたポケモンが繰りだすはがねタイプの攻撃。味方の防御を上げる。,,,,,
ソウルビート,ドラゴン,へんか,,5,自分のＨＰを少し削ってすべての能力を上げる。,,〇,,,
ボディプレス,かくとう,ぶつり,80,10,体をぶつけて攻撃。防御が高いほど与えるダメージが増える。,〇,,,,
デコレーション,フェアリー,へんか,,15,かざりつけをすることで相手の攻撃と特攻をぐーんと上げる。,,,,,
ドラムアタック,くさ,ぶつり,80,10,ドラムの根っこをドラミングでコントロールしてこうげきすることで相手の素早さを下げる。,,,,,
トラバサミ,くさ,ぶつり,35,15,トラバサミで捕らえて４－５ターンの間相手をはさんで攻撃する。,,,,,
かえんボール,ほのお,ぶつり,120,5,小石を燃やした炎のボールで相手を攻撃する。やけど状態にすることがある。,,,,,
きょじゅうざん,はがね,ぶつり,100,5,巨大な剣となり切りかかる。相手がダイマックスしているとダメージは２倍になる。,〇,,,,
きょじゅうだん,はがね,ぶつり,100,5,巨大な盾となりぶつかる。相手がダイマックスしているとダメージは２倍になる。,〇,,,,
オーラぐるま,でんき,ぶつり,110,10,ほほぶくろに溜めたエネルギーで攻撃し自分の素早さをあげる。モルペコの姿でタイプが変わる。,〇,,,,
ワイドブレイカー,ドラゴン,ぶつり,60,15,きょうじんなしっぽを激しくふりはらって相手を攻撃する。相手の攻撃を下げる。,〇,,,,
えだづき,くさ,ぶつり,40,40,するどくとがった枝で相手を突いて攻撃する。,〇,,,,
オーバードライブ,でんき,とくしゅ,80,10,ギターやベースをかきならして激しく響く大きな振動を相手に与えて攻撃する。,,〇,,,
りんごさん,くさ,とくしゅ,80,10,すっぱいりんごからつくりだした酸性の液体で攻撃。相手の特防を下げる。,,,,,
Ｇのちから,くさ,ぶつり,80,10,高いところからりんごを落としてダメージを与える。相手の防御を下げる。,,,,,
ソウルクラッシュ,フェアリー,ぶつり,75,15,食らうとくじけるほどの勢いで攻撃。相手の特攻を下げる。,〇,,,,
ワンダースチーム,フェアリー,とくしゅ,90,10,煙を噴出して相手を攻撃。混乱させることがある。,,,,,
いのちのしずく,みず,へんか,,10,不思議な水をふりまいて自分と場にいる味方のＨＰを回復する。,,,,,
ブロッキング,あく,へんか,,10,相手の攻撃をまったく受けない。連続でだすと失敗しやすい。触れると防御ががくっと下がる。,,,,,
どげざつき,あく,ぶつり,80,10,頭を下げるふりをしながら振りみだした髪の毛を突き刺す。攻撃は必ず命中する。,〇,,,,
スターアサルト,かくとう,ぶつり,150,5,太いクキをふりまわして攻撃。ただし自分もよろめいてしまうため次のターンは動けなくなる。,〇,,,,
ムゲンダイビーム,ドラゴン,とくしゅ,160,5,本来の姿となったムゲンダイナ最大の攻撃。次のターンは動けなくなる。,,,,,
てっていこうせん,はがね,とくしゅ,140,5,全身から集めたはがねをビームとして激しく撃ちだす。自分もダメージを受けてしまう。,,,,,
ワイドフォース,エスパー,とくしゅ,80,10,サイコパワーで相手を攻撃する。サイコフィールドの時威力があがりすべての相手にダメージを与える。,,,,,
アイアンローラー,はがね,ぶつり,130,5,フィールドを破壊しながら攻撃。なんらかのフィールド状態に変わっていないと技は失敗する。,〇,,,,
スケイルショット,ドラゴン,ぶつり,25,20,ウロコを撃ちだして攻撃する。２ー５回の間連続でだす。素早さがあがるが防御がさがる。,,,,,
メテオビーム,いわ,とくしゅ,120,10,１ターン目に宇宙の力を集めることで特攻があがり２ターン目に相手を攻撃する。,,,,,
シェルアームズ,どく,とくしゅ,90,10,物理か特殊かより多くダメージを与えられる能力で攻撃する。毒状態にすることがある。,,,,,
ミストバースト,フェアリー,とくしゅ,100,5,自分の周りにいるすべてを攻撃するが使うと瀕死になる。ミストフィールドで威力があがる。,,,,,
グラススライダー,くさ,ぶつり,55,20,地面を滑るように相手を攻撃。グラスフィールドの時必ず先制攻撃できる。,〇,,,,
ライジングボルト,でんき,とくしゅ,70,20,地面から立ちのぼる電撃で攻撃。相手がエレキフィールドにいる時技の威力が２倍になる。,,,,,
だいちのはどう,ノーマル,とくしゅ,50,10,フィールドの力を借りて攻撃。使った時のフィールドの状態によって技のタイプと威力が変わる。,,,,,〇
はいよるいちげき,むし,ぶつり,70,10,背後からはいより攻撃する。相手の特攻をさげる。,〇,,,,
しっとのほのお,ほのお,とくしゅ,70,5,しっとのエネルギーで相手を攻撃。そのターン能力があがったポケモンをやけどの状態にする。,,,,,
うっぷんばらし,あく,ぶつり,75,5,相手へのいらだちをぶつけて攻撃。そのターンに能力をさげられていると技の威力が２倍になる。,〇,,,,
ポルターガイスト,ゴースト,ぶつり,110,5,相手の持ち物をあやつって攻撃。相手が道具を持っていない場合は失敗する。,,,,,
ふしょくガス,どく,へんか,,40,強い酸性のガスで周りにいるものを包みこみ持っている道具を溶かしてしまう。,,,,,
コーチング,かくとう,へんか,,10,的確な指導をおこなうことで味方全員の攻撃と防御を上げる。,,,,,
クイックターン,みず,ぶつり,60,20,攻撃したあとものすごいスピードで戻ってきて控えのポケモンと入れ替わる。,〇,,,,
トリプルアクセル,こおり,ぶつり,20,10,３回連続でキックをくりだして攻撃する。技が当たるたびに威力はあがる。,〇,,,,
ダブルウイング,ひこう,ぶつり,40,10,翼を相手にぶつけて攻撃する。２回連続でダメージを与える。,〇,,,,
ねっさのだいち,じめん,とくしゅ,70,10,熱く焼けた砂を相手にぶつけて攻撃する。やけど状態にすることがある。,,,,,
ジャングルヒール,くさ,へんか,,10,ジャングルと一体化して自分と場にいる味方のＨＰと状態を回復する。,,,,,
あんこくきょうだ,あく,ぶつり,75,5,あくの型を極めし強烈な一撃。必ず急所に当たる。,〇,,〇,,
すいりゅうれんだ,みず,ぶつり,25,5,みずの型を極めし流れるような３回の連撃。必ず急所に当たる。,〇,,〇,,
サンダープリズン,でんき,とくしゅ,80,15,ほとばしる電気のおりの中に４ー５ターンの間相手を閉じこめて攻撃する。,,,,,
ドラゴンエナジー,ドラゴン,とくしゅ,150,5,生命力をパワーに変え相手を攻撃する。自分のＨＰが少ないほど技の威力はさがる。,,,,,
いてつくしせん,エスパー,とくしゅ,90,10,両目からサイコパワーを撃ちだして攻撃する。こおり状態にすることがある。,,,,,
もえあがるいかり,あく,とくしゅ,90,10,怒りを炎のようなオーラに変えて攻撃する。相手をひるませることがある。,,,,,
らいめいげり,かくとう,ぶつり,90,10,雷のような動きで相手を翻弄しながらキックする。相手の防御をさげる。,〇,,,,
ブリザードランス,こおり,ぶつり,120,5,吹雪をまとった氷の槍を相手に投げつけて攻撃する。,,,,,
アストラルビット,ゴースト,とくしゅ,120,5,たくさんの小さな霊体を相手にぶつけて攻撃する。,,,,,
ぶきみなじゅもん,エスパー,とくしゅ,80,5,強力なサイコパワーで攻撃。相手が最後に使った技のＰＰを３だけ減らす。,,〇,,,
フェイタルクロー,どく,ぶつり,80,15,"The user lashes out at the target with ruinous claws, aiming to land a critical hit. This may also leave the target poisoned, paralyzed, or drowsy.",〇,,,,
バリアーラッシュ,エスパー,ぶつり,70,10,"Cloaking itself in psychic energy, the user slams into the target. This may also raise the user’s defensive stats.",〇,,,,
パワーシフト,ノーマル,へんか,0,10,説明なし,,,,,
がんせきアックス,いわ,ぶつり,65,15,"The user swings its stone axes at the target, aiming to land a critical hit. Stone splinters left behind by this attack continue to damage the target for several turns.",〇,,,,
はるのあらし,フェアリー,とくしゅ,100,5,The user attacks by wrapping the target in fierce winds brimming with love and hate. This move’s additional effects depend on the user’s form.,,,,,
しんぴのちから,エスパー,とくしゅ,70,10,"The user strengthens itself with a mysterious power. If it excels in offense, its offensive stats are raised. If it excels in defense, its defensive stats are raised.",,,,,
だいふんげき,ほのお,ぶつり,120,10,"The user rampages and spews vicious flames to inflict damage on the target, then becomes fixated on using this move.",〇,,,,
ウェーブタックル,みず,ぶつり,120,10,The user shrouds itself in water and slams into the target with its whole body to inflict damage. This also damages the user and raises the user’s action speed.,〇,,,,
クロロブラスト,くさ,とくしゅ,150,5,The user launches its amassed chlorophyll to inflict damage on the target. This also damages the user and lowers the user's action speed.,,,,,
ひょうざんおろし,こおり,ぶつり,100,10,The user hurls giant chunks of ice at the target to inflict damage.,,,,,
しょうりのまい,かくとう,へんか,0,10,The user performs a dance to usher in victory. This raises the user’s offensive and defensive stats and increases the damage dealt by the user’s moves by 50 percent.,,,,,
ぶちかまし,じめん,ぶつり,120,5,The user smashes into the target in a full-body tackle. This also lowers the user’s defensive stats.,〇,,,,
どくばりセンボン,どく,ぶつり,60,10,The user launches countless toxic barbs to inflict damage. This may also poison the target. This move’s power is doubled if the target has a status condition.,,,,,
オーラウイング,エスパー,とくしゅ,80,10,The user slashes the target with aura-enriched wings. This also raises the user's action speed. This move has a heightened chance of landing a critical hit.,,,,,
うらみつらみ,ゴースト,とくしゅ,75,10,The user attacks its target with spine-chilling resentment. This may also leave the target with frostbite. This move's power is doubled if the target has a status condition.,,,,,
たてこもる,はがね,へんか,0,10,"The user makes its skin as hard as an iron shield, raising its defensive stats. Incoming moves also become more likely to miss.",,,,,
３ぼんのや,かくとう,ぶつり,90,10,"The user delivers an axe kick, then fires three arrows. This raises the chance of its future attacks landing critical hits and also lowers the target's defensive stats.",,,,,
ひゃっきやこう,ゴースト,とくしゅ,60,15,The user attacks with myriad fireballs. This may also leave the target with a burn. This move's power is doubled if the target has a status condition.,,,,,
ひけん・ちえなみ,あく,ぶつり,65,15,"The user slashes its shell blade at the target, aiming to land a critical hit. Shell splinters left behind by this attack will continue to damage the target for several turns.",〇,,,,
こがらしあらし,ひこう,とくしゅ,100,10,The user attacks with savagely cold winds that cause both body and spirit to tremble. This may also leave the target with frostbite.,,,,,
かみなりあらし,でんき,とくしゅ,100,10,The user summons a thunderous tempest and savagely attacks with lightning and wind. This may also leave the target with paralysis.,,,,,
ねっさのあらし,じめん,とくしゅ,100,10,The user attacks by wrapping the target in fierce winds and searingly hot sand. This also leaves the target with a burn.,,,,,
みかづきのいのり,エスパー,へんか,0,5,The user heals its own status conditions and restores its HP. Incoming moves also become more likely to miss.,,,,,
ブレイブチャージ,エスパー,へんか,0,10,"The user lifts its spirits, healing its own status conditions and raising its offensive and defensive stats.",,,,,
テラバースト,ノーマル,とくしゅ,80,10,"If the user has Terastallized, it unleashes energy of its Tera Type. This move inflicts damage using the Attack or Sp. Atk stat?whichever is higher for the user.",,,,,
スレッドトラップ,むし,へんか,0,10,"The user spins a silken trap, protecting itself from damage while lowering the Speed stat of any attacker that makes direct contact.",,,,,
かかとおとし,かくとう,ぶつり,120,10,"The user attacks by kicking up into the air and slamming its heel down upon the target. This may also confuse the target. If it misses, the user takes damage instead.",〇,,,,
おはかまいり,ゴースト,ぶつり,50,10,"The user attacks to avenge its allies. The more defeated allies there are in the user's party, the greater the move's power.",〇,,,,
ルミナコリジョン,エスパー,とくしゅ,80,10,The user attacks by unleashing a peculiar light that even affects the mind. This also harshly lowers the target's Sp. Def stat.,,,,,
いっちょうあがり,ドラゴン,ぶつり,80,10,"The user attacks with elegant poise. If the user has a Tatsugiri in its mouth, this move boosts one of the user's stats based on the Tatsugiri's form.",〇,,,,
ジェットパンチ,みず,ぶつり,60,15,The user summons a torrent around its fist and punches at blinding speed. This move always goes first.,〇,,〇,,
ハバネロエキス,くさ,へんか,0,15,"The user emits an incredibly spicy extract, sharply boosting the target's Attack stat and harshly lowering the target's Defense stat.",,,,,
ホイールスピン,はがね,ぶつり,100,5,"The user spins furiously by straining its legs, inflicting damage on the target. This also harshly lowers the user's Speed stat.",〇,,,,
ネズミざん,ノーマル,ぶつり,20,10,The user’s fellows gather in droves to perform a combo attack that hits the target one to ten times in a row.,〇,,,,
アイススピナー,こおり,ぶつり,80,15,"The user covers its feet in thin ice and twirls around, slamming into the target. This move's spinning motion also destroys the terrain.",〇,,,,
きょけんとつげき,ドラゴン,ぶつり,120,5,"The user throws its entire body into a reckless charge. After this move is used, attacks on the user cannot miss and will inflict double damage until the user’s next turn.",〇,,,,
さいきのいのり,ノーマル,へんか,0,1,"The user bestows a loving blessing, reviving a party Pok?mon that has fainted and restoring half that Pok?mon's max HP.",,,,,
しおづけ,いわ,ぶつり,40,15,"The user salt cures the target, inflicting damage every turn. Steel and Water types are more strongly affected by this move.",,,,,
トリプルダイブ,みず,ぶつり,30,10,"The user performs a perfectly timed triple dive, hitting the target with splashes of water three times in a row.",〇,,,,
キラースピン,どく,ぶつり,30,15,"The user performs a spin attack that can also eliminate the effects of such moves as Bind, Wrap, and Leech Seed. This also poisons opposing Pok?mon.",〇,,,,
うつしえ,ノーマル,へんか,0,10,The user captures the very essence of the target in a sketch. This changes the Abilities of the user and its ally Pok?mon to that of the target.,,,,,
みをけずる,ノーマル,へんか,0,10,"The user sharply boosts its Attack, Sp. Atk, and Speed stats by using its own HP.",,,,,
ドゲザン,あく,ぶつり,85,10,The user slashes at the target after kowtowing to make the target let down its guard. This attack never misses.,〇,,,,
トリックフラワー,くさ,ぶつり,70,10,The user throws a rigged bouquet of flowers at the target. This attack never misses and always lands a critical hit.,,,,,
フレアソング,ほのお,とくしゅ,80,10,"The user blows out raging flames as if singing a song, scorching the target. This also boosts the user's Sp. Atk stat.",,〇,,,
アクアステップ,みず,ぶつり,80,10,The user toys with the target and attacks it using light and fluid dance steps. This also boosts the user's Speed stat.,〇,,,,
レイジングブル,ノーマル,ぶつり,90,10,"The user performs a tackle like a raging bull. This move's type depends on the user's form. It can also break barriers, such as Light Screen and Reflect.",〇,,,,
ゴールドラッシュ,はがね,とくしゅ,120,5,The user attacks by throwing out a mass of coins. This also lowers the user's Sp. Atk stat. Money is earned after the battle.,,,,,
サイコブレイド ,エスパー,ぶつり,80,15,The user rends the target with an ethereal blade. This move's power is boosted by 50 percent if the user is on Electric Terrain.,〇,,,,
ハイドロスチーム,みず,とくしゅ,80,15,The user blasts the target with boiling-hot water. This move's power is not lowered in harsh sunlight but rather boosted by 50 percent.,,,,,
カタストロフィ,あく,とくしゅ,1,10,The user summons a ruinous disaster. This cuts the target’s HP in half.,,,,,
アクセルブレイク,かくとう,ぶつり,100,5,"The user transforms and crashes to the ground, causing a massive prehistoric explosion. This move's power is boosted more than usual if it’s a supereffective hit.",〇,,,,
イナズマドライブ,でんき,とくしゅ,100,5,"The user races forward at ultrafast speeds, piercing its target with futuristic electricity. This move's power is boosted more than usual if it's a supereffective hit.",,,,,
しっぽきり,ノーマル,へんか,0,10,The user creates a substitute for itself using its own HP before switching places with a party Pok?mon in waiting.,,,,,
さむいギャグ,こおり,へんか,0,10,説明なし,,,,,
おかたづけ,ノーマル,へんか,0,10,"The user tidies up and removes the effects of Spikes, Stealth Rock, Sticky Web, Toxic Spikes, and Substitute. This also boosts the user’s Attack and Speed stats.",,,,,
ゆきげしき,こおり,へんか,0,10,The user summons a snowstorm lasting five turns. This boosts the Defense stats of Ice types.,,,,,
とびつく,むし,ぶつり,50,20,The user attacks by pouncing on the target. This also lowers the target's Speed stat.,〇,,,,
くさわけ,くさ,ぶつり,50,20,The user attacks suddenly as if leaping out from tall grass. The user's nimble footwork boosts its Speed stat.,〇,,,,
ひやみず,みず,とくしゅ,50,20,The user attacks the target by showering it with water that's so cold it saps the target's power. This also lowers the target's Attack stat.,,,,,
ハイパードリル,ノーマル,ぶつり,100,5,The user spins the pointed part of its body at high speed to pierce the target. This attack can hit a target using a move such as Protect or Detect.,〇,,,,
ツインビーム,エスパー,とくしゅ,40,10,The user shoots mystical beams from its eyes to inflict damage. The target is hit twice in a row.,,,,,
ふんどのこぶし,ゴースト,ぶつり,50,10,"The user converts its rage into energy to attack. The more times the user has been hit by attacks, the greater the move's power.",〇,,〇,,
アーマーキャノン,ほのお,とくしゅ,120,5,The user shoots its own armor out as blazing projectiles. This also lowers the user’s Defense and Sp. Def stats.,,,,,
むねんのつるぎ,ほのお,ぶつり,90,10,The user focuses its bitter feelings toward the world of the living into a slashing attack. The user's HP is restored by up to half the damage taken by the target.,〇,,,,
でんこうそうげき,でんき,ぶつり,120,5,"The user discharges all the electricity from its body to perform a high-damage attack. After using this move, the user will no longer be Electric type.",〇,,,,
デカハンマー,はがね,ぶつり,160,5,The user swings its whole body around to attack with its huge hammer. This move can't be used twice in a row.,,,,,
ほうふく,あく,ぶつり,1,10,The user retaliates with much greater force against the opponent that last inflicted damage on it.,〇,,,,
アクアカッター,みず,ぶつり,70,20,The user expels pressurized water to cut at the target like a blade. This move has a heightened chance of landing a critical hit.,,,,,
バーンアクセル,ほのお,ぶつり,80,10,説明なし,〇,,,,
ダークアクセル,あく,ぶつり,80,10,説明なし,〇,,,,
ポイズンアクセル,どく,ぶつり,100,10,説明なし,〇,,,,
ファイトアクセル,かくとう,ぶつり,100,10,説明なし,〇,,,,
マジカルアクセル,フェアリー,ぶつり,100,10,説明なし,〇,,,,
ブラッドムーン,ノーマル,とくしゅ,140,5,The user unleashes the full brunt of its spirit from a full moon that shines as red as blood. This move can't be used twice in a row.,,,,,
シャカシャカほう,くさ,とくしゅ,80,15,The user fires a blast of tea that it mixed. The user's HP is restored by up to half the damage taken by the target. This may also leave the target with a burn.,,,,,
みずあめボム,くさ,とくしゅ,60,10,"The user sets off an explosion of sticky candy syrup, which coats the target and causes the target's Speed stat to drop each turn for three turns.",,,,,
ツタこんぼう,くさ,ぶつり,100,10,"The user strikes with an ivy-wrapped cudgel. This move's type changes depending on the mask worn by the user, and it has a heightened chance of landing a critical hit.",,,,,
エレクトロビーム,でんき,とくしゅ,130,10,"The user gathers electricity on the first turn, boosting its Sp. Atk stat, then fires a high-voltage shot on the next turn. The shot will be fired immediately in rain.",,,,,
テラクラスター,ノーマル,とくしゅ,120,5,"With the power of its crystals, the user bombards and eliminates the target. When used by Terapagos in its Stellar Form, this move damages all opposing Pok?mon.",,,,,
きまぐレーザー,ドラゴン,とくしゅ,80,5,"The user shoots a beam of light to inflict damage. Sometimes all the user's heads shoot beams in unison, doubling the move's power.",,,,,
かえんのまもり,ほのお,へんか,0,10,The user's intensely hot fur protects it from attacks and also burns any attacker that makes direct contact with it.,,,,,
じんらい,でんき,とくしゅ,70,5,This move enables the user to attack first with a jolt of electricity. This move fails if the target is not readying an attack.,,,,,
パワフルエッジ,いわ,ぶつり,95,5,The user wields the light that has accumulated atop its head to cleave the target. This move hits even if the target protects itself.,〇,,,,
タキオンカッター,はがね,とくしゅ,50,10,The user attacks by launching particle blades at the target twice in a row. This attack never misses.,,,,,
ハードプレス,はがね,ぶつり,0,10,"The target is crushed with an arm, a claw, or the like to inflict damage. The more HP the target has left, the greater the move's power.",〇,,,,
ドラゴンエール,ドラゴン,へんか,0,15,The user raises its allies’ morale with a draconic cry so that their future attacks have a heightened chance of landing critical hits. This rouses Dragon types more.,,〇,,,
みわくのボイス,フェアリー,とくしゅ,80,10,The user attacks the target using its angelic voice. This also confuses the target if its stats have been boosted during the turn.,,〇,,,
やけっぱち,ほのお,ぶつり,75,10,"Spurred by desperation, the user attacks the target. This move's power is doubled if the user's previous move failed.",〇,,,,
サンダーダイブ,でんき,ぶつり,100,15,"The user electrifies its body and drops onto the target to inflict damage. If this move misses, the user takes damage instead.",〇,,,,
サイコノイズ,エスパー,とくしゅ,75,10,"The user attacks the target with unpleasant sound waves. For two turns, the target is prevented from recovering HP through moves, Abilities, or held items.",,〇,,,
はやてがえし,かくとう,ぶつり,65,15,"The user reacts to the target's movement and strikes with the heel of its palm, making the target flinch. This move fails if the target is not readying a priority move.",〇,,,,
じゃどくのくさり,どく,とくしゅ,100,5,"The user pours toxins into the target by wrapping them in a toxic, corrosive chain. This may also leave the target badly poisoned.",,,,,
